Nom Commune,Maire sortant,Habitants,EPCI,Nombre de listes,Candidats,Photo
Ajaccio,Stéphane Sbraggia,72647,Communauté d'agglomération du Pays Ajaccien,7,"Stéphane Sbraggia,Jean-Paul Carrolaggi,Philippe de la Foata,Pascal Zagnoli,Charlotte Cesari,François Filoni,François Casasoprana",image.png (https://v5.airtableusercontent.com/v3/u/49/49/1769990400000/CrXTVrxqpNDsRjIGxe40jQ/R08FTP5-1G5M8SuFi7Z2QfVlfvdSjRid0eWBvfiI56Li1TGaTUnXK-bOh8etVCJnFYCLtT6MXmnzshyDxbwzTiFgu3VUiK6r4Nh_xCvLylozMQr7Z9MZxHwosmZJVUFM5Prskd_ZNd_VisfQ4to2Eg/GHuKig-VQiJwuCzOzUcl_Qfpg_w0WJ7bIzsipQcfOsE)
Bastia,Pierre Savelli,48296,Communauté d'agglomération de Bastia,6,"Gilles Simeoni,Julien Morganti,Nicolas Battini,Jean-Martin Mondoloni,Francis Riolacci,Sacha Bastelica",image.png (https://v5.airtableusercontent.com/v3/u/49/49/1769990400000/ksQfj56xyHzdcr830E6SeQ/oe6Zl-MWyijRuunxdluBWzxgnM6ADunSbOXbU5GxLJ3ZGc4Ms3eppqGysc5hnUegbrWO9uerty8bqHx63w-L6VSLFuTnMaBP1greM3rbfDcJDdrZoSFS8rIJkH_InfoP34lXltL-Fdy-8ApXiioIqA/O-MASl6VDEW4UqP3CSAdUilz8RgXL9nTSKsGhehvPK8)
Porto-Vecchio,Jean-Christophe Angelini,11040,Communauté de communes du Sud Corse,3,"Jean-Christophe Angelini,Georges Mela,Vanina Chiarelli-Luzi",image.png (https://v5.airtableusercontent.com/v3/u/49/49/1769990400000/8GYNQ4ScsLrKNkm-etXxsw/HE9c0T9CczOztA8U3pJQBY3Tp7nUeD8VE1QeUnmJoG7h8iS6DEq1pCyf8cQcsaKWRMykfL6_tXYquzamenBtZ14OH3HeWm6n7pGS0X2Dtu47TO_sprGc1e5IszxbthVkLiosZjWmIQGZ_UbQeiQMqg/pD0UkZ1NiUsTuJH1WL1FKvA-tECL1EfJyrljaYXSQOM)
Borgo,Anne Marie Natali,9254,Communauté de communes de Marana-Golo,1,Jean Dominici,image.png (https://v5.airtableusercontent.com/v3/u/49/49/1769990400000/2bjcPnEBrTetP_ItHrNYvw/7IE9sVeMhqh4b7tuS9hOX0QBoZLdRyvMcBCAxnCulW67PcxYK1Om0k0Xhd2tDjsBKG0_SfxuhaPZpc8RZoOgzmT3yMWS2pqGX4nQr6qH2kTEp9B1b9a60tbIHBA9WOeOqI6bS9aIW3hDlKrFFn5mpQ/Lo39pWI_0DwXuja4Tc2yTvMtjIFTYwhhWk10N9Wv2dg)
Biguglia,Jean-Charles Giabiconi,7732,Communauté de communes de Marana-Golo,2,"Jean-Charles Giabiconi,Paul Alfonsi",image.png (https://v5.airtableusercontent.com/v3/u/49/49/1769990400000/rwYuxPr-L63BLja0wx48yA/qEAGEOry6m5JRcmJYHCymxOORGSaFswPagFVQWjfn3JToqrTvi_cYvfRVTeDIUJ85WD8c3fm03imJXl4J2QgQ5Ek2TGcf0rAXowsCZmF5wiXAEZVVIEy9eqM_Ks8LnJUvo328z27guhpZVwDP2MkXg/KVJlA84U-O3hsD5XxHroCuuYjvK8CMhJGF_zDWkuH6g)
Corte,Xavier Poli,7549,Communauté de communes du Centre Corse,0,,image.png (https://v5.airtableusercontent.com/v3/u/49/49/1769990400000/HkYcknG5QBYwwQeAe9Zw1g/YyaMc-choJ1svCyPTMZkAw4dTPZ_Y0ihe3MpPij40a3znzRzAfisjwjkoT05iwX4r6vAaNMdRt5ze_uPgJT7cuCDExMhIpE32gAe7F5lMwdxgO7465MXb7eUmKT7gypCe3eR6XTpgoJjuwSfoSsBbg/ypbYrBvNz6QMHCmhg2qizvxV-fuyU1zjnqgXUga19Eo)
Lucciana,François Acquaviva,6036,Communauté de communes de Marana-Golo,1,José Galletti,image.png (https://v5.airtableusercontent.com/v3/u/49/49/1769990400000/ZlBmWtKm4cp_M7LMJpZTCw/8PuEsYJ_Gv-97WUDHy2ul2RNpyfI6HjASCa6bFr8eiqJKboSZgbDIvFBeWudZJsHKV1YLUacCnSwk_xhi9L19fkOVi25xIRhXL-Infv3AzPCcexf9EByvckYpAibJHaPSKg74ti9OeAsEJALbvWfmw/qs-i9KLlsaVff53Sk9bdRTmJf1ArdcT_SUnHAlv7p2I)
Furiani,Pierre-Michel Simonpietri,5772,Communauté d'agglomération de Bastia,1,Enzo Martel,image.png (https://v5.airtableusercontent.com/v3/u/49/49/1769990400000/gsf-LPE0Xp6JaW-Mb8muvA/5lG9i_PE6c9qp9Lgt9pPQmUgvpVmrQkvV1jnMkBDHQGp0F79KEL03rRujoq6ILhmRmaxFoamzgR8ikNL5BR8qdeUp7WhC93Z0IUoMpVMBPadoK3MpftQMnl8X29gwSHHgKQEzsELuOowkOmMOi9aGQ/ZRAKd7A4w3df_OOJZT3lolPyu1Mfck329VP50emxYYs)
Calvi,Ange Santini,5766,Communauté de communes de Calvi Balagne,2,"Ange Santini,Jérôme Seveon",image.png (https://v5.airtableusercontent.com/v3/u/49/49/1769990400000/H6XxVMtQaLt2AX1znawOzw/Wj0D7P4vK5lS-KY-3urh5iWKXq_u4MP-oXlr3nAOpWFDynqluA37w8eVtF9DG2q3mOjbcQmEI8KKn5jAjHaS5SzUONs_4W5KwK-ACLsjg75ZhPQtV7I5mkOj3Rbn_ldXaC7-c66LcVMouzSCJeZHDg/c_k2TaYjLOpZguC8XsXFUxrCtnpeIfE-3eG4TfLXwJU)
Bastelicaccia,Antoine Ottavi,4250,Communauté de communes Celavu-Prunelli,1,Félix Bruschi,image.png (https://v5.airtableusercontent.com/v3/u/49/49/1769990400000/p2tEF52vSJLCglvrlGzHfw/mgQmGi2n41YFbm1ZQmc5k4BV9wRK3R_QLOCQ0UAVUo83Nz-efwrL0R6kujofPzcFrqz7hXw8jeEdhyeqMXVRHXPoO7yzot8T1tKDKmuLOkn68UOl1JOp90dGjLnJpaf6hj7KE5GPr-kR7aHBnjHwfQ/BKjZ25VH9eiI5bUoAYjgLvaWlL6qnOX5o1c6Amqwsro)
Ghisonaccia,Francis Giudici,4215,Communauté de communes de Fium'Orbu Castellu,0,,image.png (https://v5.airtableusercontent.com/v3/u/49/49/1769990400000/bSKubT-LtAPSAlW8WZWeNA/1_yVI-9D7izCyOVRDAP1Od-tdjfHY9z05TbSMXBGyMCLBD01sGYPQG7P2KlC7b8PuiabOaOgCN9zB1I5exhVF_X9Q42oqU4nOXIA0w2Rpyw1NCaZhN1Hfn1CxMvvJ-t7Qp-nO4cEVkm_Xl2kmcsPzQ/kaeb30dGozZV62tkCpa4QPJEm6yX9wlt6O1wLrTiEIg)
Prunelli-di-Fiumorbo,André Rocchi,3719,Communauté de communes de Fium'Orbu Castellu,0,,image.png (https://v5.airtableusercontent.com/v3/u/49/49/1769990400000/KhGKynFU0d0v3Nfw0PAHHQ/9F8xvKu7s-5pJ3Ud9Nf1Aku7KpPh5OJFrlXP5wxrjqUlEWPVqLTi7ZZ8meVzglWNcedF7amjyUiM6jwbgdc_j6pUcwoOGVPkcV5X-TZQK2PZEyfbdnIslfENWieOghlnh_bFYW7vMef2DMSBOZxeDA/Hol5tH2eRgdMclkiSSku5cmtqDIJ9ybHMdsNzQvLvdw)
Propriano,Paul-Marie Marc Bartoli,3705,Communauté de communes du Sartenais Valinco Taravo,1,Paul-Marie Bartoli,image.png (https://v5.airtableusercontent.com/v3/u/49/49/1769990400000/PZDoT8-ZyXiNkEYNP9oQwg/D36snNIVUylorGR7eAxppSyR90soRlEyO02heKpRmwigL8ip4fZ5Mg7rr1b27YVJk0kGDAlAnx5kfYB9J0U5pronb8wZ69fuzgUTyYxDJ4gz-Fodd7lgV7A6Yz_6lxOkaGYYUjYepwU1SLqqLKxsUg/bRlw5yxe3YknkGRjKEIxgScMPSnScVUE8NwFF7QUMs4)
Alata,Etienne Ferrandi,3562,Communauté d'agglomération du Pays Ajaccien,2,"Étienne Ferrandi,Véronique Pietri",image.png (https://v5.airtableusercontent.com/v3/u/49/49/1769990400000/JnGDo4fItts2QED38jnZ-w/7VALp3wIw62FczAHulhxkRb66jnqybSsvz3_fgHPjxqv6UaxnporHhB4ZboOM3_USJ23lKKcptmkwT4-Jr_zXc1zIbvV4TvE99PScu_Ky73p4anluFkMcFgW1ZsUMrStM6rH7q3LcvjX_bA7YuSrrw/MmgdNHcej45BrcLdXTEk4NKqX3MPOBiRdQ4tpKwo-lc)
Sartène,Paul Quilichini,3408,Communauté de communes du Sartenais Valinco Taravo,6,"Christophe Mondoloni,Paul-Félix Benedetti,Ludovic Cerlini,Pascal Quilichini,Elisabeth Quilichini de Lesquen,Aurélien Tramoni",image.png (https://v5.airtableusercontent.com/v3/u/49/49/1769990400000/4RYLtzeKCpvB_kQ2GwiuCw/SjG5mFbYJx_1M-G0IRB5bNf_1R_oVF4vFEA2AjzOIbCkJMLvytFDkN-F1dlhAU0oXti6u7WClKff9_kkpeg4KN-m0eO0n7OqLT7YP1lwT_VcjA_OelEQbCgLH8teCB2nIuyFxQkhchw0MPba4GikgQ/5pasnvchtOEhvr1XYVnotSPIQkeahf0NiKba09vhzV0)
Grosseto-Prugna,Valérie Bozzi,3398,Communauté de communes de la Pieve de l'Ornano et du Taravo,1,Paul Bozzi,image.png (https://v5.airtableusercontent.com/v3/u/49/49/1769990400000/_Mc1AzJoj2wHCvxxGFq7pw/iGXx46cFsAQQOGeQ458EmcV3o5ssOK8hYMFvEhTCSd3qdLvVXOGJ_ohqMcrNKCm8FN1o666oQXRRt2-5O8Iyvz8-s5b00DIMM1ckeU-E4eiR8iXV-lLhhNFam8xuols41iDPBy71OcqESYdfaFA4fg/IiMBrVfume-qu-T4oqhoCHkJhyxmKBEQ9zhV4j2w2jg)
Penta-di-Casinca,René Gattacceca,3366,Communauté de communes de la Castagniccia-Casinca,0,,image.png (https://v5.airtableusercontent.com/v3/u/49/49/1769990400000/zHEKvtwhvdglSpd7I0TlAQ/yagnTFLPFoUFyfAb0yM2zoKUKtaSj7zUwCebTHiGm8P5BmLwMzh0GIXdd1DejHzZj1_ZBfNpQ0cy2XoHh1MFNeFoqCLS9YbriuPjHzDqES59t1PlRmFuXH6tcV1GhtTF4xtEmnU6vUWkmfOzoQ4dOw/dvBpa9SjWNucuYrsxNLDFgy0J02yAMYMvR7PrHuHz-0)
Sarrola-Carcopino,Alexandre Sarrola,3309,Communauté d'agglomération du Pays Ajaccien,2,"Alexandre Sarrola,Jean-Joseph Battistelli",image.png (https://v5.airtableusercontent.com/v3/u/49/49/1769990400000/PAyAOez7rmhNGiGPtZIfuw/fjxdAE6SpxYxQVHO_2rFc_AywDm0WHkFMNWDFjcerQAw1Xm1hbcIFhAUSIE7yGnWsheUxMxVv6AaLx-VEBZ4xALjldloWzosn7AqnNRd2iVZl79RJ-5Xy-0C70N6VKVznWKtFB_H5dzeM5dT46SEjQ/nTgicU8TrL79DUHL0C8dwdu1kUvsckol30MsBjHly3U)
Ville-di-Pietrabugno,Michel Rossi,3278,Communauté d'agglomération de Bastia,0,,image.png (https://v5.airtableusercontent.com/v3/u/49/49/1769990400000/EWKvV4l-vpECajGF20MbtA/0YuA287RCnWcvJuuBIFix57jGpg-5AjzB183Mv6xKT-TcIcLig05XzLkmhBqe7B46Q9ztcSbGISxpUB-XsVKTSXMJNy3mFTssp6Il61cgZPD85R8jV0yv5aKEi5mrp9DRl8Mhs0u-85WgSfSO4iDlA/OYQwWiK9tsGeqfhQSThyzOeQOouNDPbub0wmDaJ_FE4)
Afa,Ange Pascal Miniconi,3277,Communauté d'agglomération du Pays Ajaccien,0,,image.png (https://v5.airtableusercontent.com/v3/u/49/49/1769990400000/qX9N_KV6SbMJ_7f2Fgntzw/gZXu6b9VlqCXTe5d5m2UKL_qkEHVVXlQB__qgSIALtsUeAELR1ilKc6O8GET0PQfXENXCc6iCcgHyUdQMYhv7iCyHTluGbTakEd0wK8VYG5hsdDIXM6EVJ659oR1_F2RPM8wQoMjP9tkPH2PQfP6ww/GSuXlMNvbD0S7BiZIXpiN-KDoMo43HjZl8mhfUNqKGw)
L'Île-Rousse,Jacky Bartoli,3224,Communauté de communes de l'Île-Rousse - Balagne,2,"Pierre-François Bascoul,Angèle Bastiani",image.png (https://v5.airtableusercontent.com/v3/u/49/49/1769990400000/lH8gD-LFvsloKCGBXwTUdA/1uBxzwQvVupPPMnHBiyOewiGIhWwVqWppSUu0ucjspq4qKUWLJyJZUK3HqkC9lAoLsxrrRQqAkNG76iip7w6LCo_7zAY1J5gb2suwro5Sw1VdFhqHJYSjGd3YAIoAlAiNeIF_jkZhlF6uR9GyTS25w/NA_fHT2leQVkERtBgWXiTr2DaQ4IcXsJ22SOE2CuwY8)
Bonifacio,Jean-Charles Orsucci,3204,Communauté de communes du Sud Corse,1,Jean-Charles Orsucci,image.png (https://v5.airtableusercontent.com/v3/u/49/49/1769990400000/_RZwedQdNmHgjLkojiltYw/isNebi_tHEYtrrjqMytHZG2qL_fCSa_feyTZOshF1fXbaB6vL9-DIiJEf-_RUcL0EzBO9AUOPPu8Nd4PMCWCBIBKoDUKC1wDyn8Uqb6GloF8uvF3-va4jugOfWOkP3GE3Goj1mW3sciyC2FHA6awyA/suZiQ0SmOfI4pfjQg-9mUe4t13YABGzmM6Lyas-KWqY)
Vescovato,Benoît Bruzi,3032,Communauté de communes de la Castagniccia-Casinca,0,,image.png (https://v5.airtableusercontent.com/v3/u/49/49/1769990400000/1Xt7mxJGa8KPX1ZqtF7--g/r-ebjb7GrAAJAXTbYuHPHByqAMmIME94RHornb52Tr0DnoMOdUx0-5Ea3Ndw4R38VYYmvcEPr3InCX_N6ByGmhY4lX7Kw-6jNhVc09a6UMrdxoMSPPJysdzI747EkDf1GgVDH7bgT4dRPvC-cJCitA/_5uAiMik9CsXpwJ3tYNSXyFerspQ7Lupj2_55ozBH5s)
San-Martino-di-Lota,Marie-Hélène Padovani,2920,Communauté d'agglomération de Bastia,1,Marie-Hélène Padovani,image.png (https://v5.airtableusercontent.com/v3/u/49/49/1769990400000/Wt_yUIky6A-bACaVtDEcNw/Gk4-EPCnATwAy8tga1QiGzLP7aSC12smXloK4SELL4HjcE34c4ABGk_BlArWRMu7RIAPMTNOvmJJpHrxfuQ8aA7qn7pDxfIZjNfIuMjBkGS2Hvb57ah-FO7lypObBNFQ4wO50WELSNyyJ5eMl3FYkw/MxhT0wC4M0uXpKRMOxgwwqAuJhDqugAdA4sISyslPzk)
Zonza,Nicolas Cucchi,2755,Communauté de communes de l'Alta Rocca,2,"Nicolas Cucchi,Jacky Bartoli",image.png (https://v5.airtableusercontent.com/v3/u/49/49/1769990400000/SlwcJSbRcvy9IX4RLIijPQ/F8L7x32DizVofG_VmR_GVaPtWbfWrjIjcgw5Z8durZ-mp6s-KLT-w9D-FQvuSmuzmyo_l87rXbEa3tAcIpp1YoVnlE_sgWtr3fri370lHn8A55U8WuuJcVvFIfDIolC_4X7QshPVw7RkPeTIRP3jsA/5R6jyiWMm4PzsyKKys7zT6iKwE8lTC8Ust4zZW59Ut4)
Calenzana,Pierre Guidoni,2520,Communauté de communes de Calvi Balagne,0,,image.png (https://v5.airtableusercontent.com/v3/u/49/49/1769990400000/eRcr_9cfpqsZk42Iff8k3Q/HznZp62MuCFlL6iMPL7KJVGZoNsLzHu058-fVzpHPk7ruIP1GCSokkzU-MQSMO6o09BKbRDAE7xpwqajDwbOQF-Br83oayFPkNMLXWVqTAxsYK46mLw2PlibJRPPy9V4d0XGf8gNr67IpJXjhQbg2A/FcBWKG4d_nXlomSSyfXZJBfwqt5PEarKDwijkVchOus)
Ventiseri,Francois Tiberi,2520,Communauté de communes de Fium'Orbu Castellu,0,,image.png (https://v5.airtableusercontent.com/v3/u/49/49/1769990400000/NSHDUP0LHOB2816CrTbuMw/gpZccVqtcNScwi9GuVE0sQ1oiL_SCyN6jWqZargkYetCzTxDYtzkirmiPy3mF29jxtcDjsB7SUWGqvCRLshSBO93RcdgybbbsRFKqaM5WFQ4BBBzdwxQZorHULDogRX7YkRVc-EfEMc9yRJb3CZHHw/qcGZWkFrfAYAvkgK0DvF83kjgmQ6hn08gI1LtfLENlg)
Aléria,Jean Claude Franceschi,2185,Communauté de communes de l'Oriente,0,,image.png (https://v5.airtableusercontent.com/v3/u/49/49/1769990400000/LhY2oB2WOd4OPeBlMQUpmQ/OxTwTkMl4i7zQw4xVJvaBr6x7ndxYS5MGolDNcBczX6GWfZKUp2XsiphKaDQzqvZTkN8paHEyzeOn-zmKBfp5LwT32Kj1XIQtyp6ig_PDyYihUkVnUsYBGJ5ah7VOpjM3VUd-Nnsn5WX_PtL_h962Q/vuW7laS2qpl9JAEhnDzDjyHcAKW3KSu0Q6Dp3FzpCKE)
Cervione,Marc-Antoine Nicolaï,2182,Communauté de communes de la Costa Verde,0,,image.png (https://v5.airtableusercontent.com/v3/u/49/49/1769990400000/VsANZfB0oTgFLN-48vq6Lg/tvceHQLc1fZPdu_hzZIFzR1o8Kse3K08rL8iw9XZeF0YADrY3exy4BBHc9cJWhjOrTXd1AYpKWJaUYulj30bp3bBvilFgwnbFTkzBgNTUFfLzmy16UVWhClJYfNgVfulzkgIFFED8_1uVa8vqc6Bvw/B-U6gMc2cwZeJSKOzKYDidPJHpSyLsZrWlL56t977MA)
Peri,Baptiste Xavier Lacombe,2038,Communauté d'agglomération du Pays Ajaccien,1,Gustave Tallarico,image.png (https://v5.airtableusercontent.com/v3/u/49/49/1769990400000/py0xj8F1VjwOXuVQUsCW-g/K59dYpa22oKW7GbbUdnX_i-zVahc2qdmVNA7hTdaMx9pWdlbEpK8GgNq82HWFz9tOs3s8DuZL_7YX9rp3c-ZO8H7iGUDafvukb7EqLFsMwPkfacYSqu9XuIgf8TkZz0S4i2cWt4ZkMWINPINe2mlJA/KMWIJQvvoCg4vgkI4qMF_iSWMYHFSs8is-1zLlySrpA)
San-Nicolao,Marie-Thérèse Olivesi,2037,Communauté de communes de la Costa Verde,0,,image.png (https://v5.airtableusercontent.com/v3/u/49/49/1769990400000/lW1GssrNF-2wKuF96Ri5vw/zMmu2xnC8e0-VMFzF01-_C9AKFHSdK8Tyb3Q44BCxVMa1mWULWjCJkiAseIopq_Y1LrbgBHV4dtRiPtwsq-G3kAcwEoouxGSWksRm9qFKp6eWvsi_o3ZXNWkf2i7hoH4nzn0GGtONAzRpimWowORAA/Rq5R8EqZtqpjVyfwbhFLS4St7ww9q-s13V1c3ogkVsM)
Cuttoli-Corticchiato,Jean Biancucci,2032,Communauté d'agglomération du Pays Ajaccien,2,"Jean Biancucci,Paul Corticchiato",image.png (https://v5.airtableusercontent.com/v3/u/49/49/1769990400000/a5TV5M7XwCKGpcIuILo4Sw/eKRbNFkZF_bgwEi3N5uTnQnuc54c_D6Xt-y4kDIMvd1LRwn2p7e_EQz6ZywWeK26a7rY7PjYAd4ZGj7IiLwCONbEhgqQkVvFPs1YeSVplq7wbNotQ8kPPXouWVxLAB6HhVgWlZlptZ6nFlrnIZGjPw/FSolFC4hdbhSHpuVYcnCCWGp9c7Kox_TKre-iEjC_-4)
Monticello,Jean-Marc Borri,2000,Communauté de communes de l'Île-Rousse - Balagne,0,,image.png (https://v5.airtableusercontent.com/v3/u/49/49/1769990400000/0DNDuq_JUZqEXvWnOlQU-Q/kX6wDsA2JbPbcGfNS7ze_A_xtVM3H5Z-6w1n32wZZ0q7MLpIr9yEAzDgASh_64Iv1x0xhHcmxY7cg_m_XmXARQdeCEcfGJGFtgDg5U3x_Rcb5FYUpsjM-PKmS7gp8y71p-6zwWG0xw0eCp8GUydMXQ/5EvUOrXg1nvu3XZNYvqPqDbjoW9XUX-B-Gdo47E_1ko)
Santa-Maria-di-Lota,Guy Armanet,1971,Communauté d'agglomération de Bastia,0,,image.png (https://v5.airtableusercontent.com/v3/u/49/49/1769990400000/BgGeCcRgnlnlflT33SM6sQ/VNHMALV_Qsug8LHnAsmE4x1HvTNZAjqkzXzFx1xtiygdCLGvqaip6YoTuXMGPlxwUhxvcmsjTlYfeGpCCQg10PlBO5AQXBMWIHc9WCDjmT4mD9Ndgo_1nZL0TIweVnimgpXHT18lZaOFnLjcPqN4YA/RlMJHXA2XAlP4lSeJNkmxLUNRnTpWxJHUNqZwjgORZA)
Pietrosella,Jean-Baptiste Luccioni,1945,Communauté de communes de la Pieve de l'Ornano et du Taravo,1,Jean-Baptiste Luccioni,image.png (https://v5.airtableusercontent.com/v3/u/49/49/1769990400000/4uHQNapdLKwy_UontIxS3A/kQ8vsig2YprfSyMDlxPNgZ7TWZkINac89kwpqvJGTszuSZKoJv4WMj-feElw2jW-Oat02Ty462jdhJA9pDJUAEP3hCugHrujht7IgEp9TlSgtSaQLgwWQ2385jWyoCPR9eitbxerQ7KNBjTUvI1Bew/SY5IlzZWPyv-UdUnS_lLC34ZaJcBahCsUMMOs8X5Kys)
Lecci,Georges Gianni,1889,Communauté de communes du Sud Corse,1,Georges Gianni,image.png (https://v5.airtableusercontent.com/v3/u/49/49/1769990400000/y-e1Djv9k6VVCrUGfVEzsQ/aGCGb1qtedhjvoqAllNzKYNsDdSQuFoMlYP1-ANAZhVx8uecXuyXG4P0gYbFFKWzqR50bAsEb1MwuqaPEc1apCyZ9ZE9pjkPOkG43Y9PpN20Z6uKSsRGzOrR5Hr6yW5F17WI4FaJ_MuuSvUSxfsPIw/vDeMcGa7DYTQd-3sCb1J-rCpewP0d1bVQxcWZYMIAdg)
Appietto,François Faggianelli,1795,Communauté d'agglomération du Pays Ajaccien,0,,image.png (https://v5.airtableusercontent.com/v3/u/49/49/1769990400000/2QMXE5q0S_kK9qcXhTWVEA/b-bsXq9lte7yrQxFdWyn37XZt4efB7izJlkz-F_xSKjYea5Z6qtuQD4bjWKXRIAKMQtDQaRFA_FBZaRkpU1mtsXsEg1pvWkISCWui4EdSoVxjOGUJYIN54Q-vLSiX_d4xvhImcn9skZmMdkF9SwGDg/kmBudXiJ3BA_JcCYiyDOwDV9u_2PlDAo2PbfMgIr7gc)
Oletta,Julia Labadie,1795,Communauté de communes Nebbiu - Conca d'Oro,0,,image.png (https://v5.airtableusercontent.com/v3/u/49/49/1769990400000/b0t0N4UIzsbcOa-DzGB0Jw/8op55QIQ45cXKgb9vCLQvC-OAmneIfdZf9CJWfAkdYs4tkAdFF_pfkPAPJEJkX7n9-6XLaABqiq5eCr1u3mEKn5AkN1wQviw5IW47ckmzojGcNTEj5POpI2660e-DJHNyBgoWLJJyH7vKyvJw0a2_g/1-iUmYgqjc9fcSKd5KKYGD3k29aQZESlR6_ogwjdwMk)
Venzolasca,Balthazar Federici,1795,Communauté de communes de la Castagniccia-Casinca,0,,image.png (https://v5.airtableusercontent.com/v3/u/49/49/1769990400000/b5sv8LamQINTQRtNpZ-m8Q/VS6Nm2nnvTqEXnZTI7Y--3FvubG9valgzp2Pm_XqIHaTKuSGRcISZuY1RXCMZ7I9XeBKUjL2H-DIcGJSpW3TewAQv4C-73aPl50LPf9jYr38rvVX-gtl-xCC1byxesmsDs04x82JEfzeeLnXUoEmRA/Iyxh8hETFYoVPlhq4suDCnpAQTu4fNiDk83XfYSgv_k)
Albitreccia,Pierre-Paul Luciani,1785,Communauté de communes de la Pieve de l'Ornano et du Taravo,0,,image.png (https://v5.airtableusercontent.com/v3/u/49/49/1769990400000/hQqi_u75S4CQOOl3aoIBRw/wT0M0SAxZqu75DsiNqJqlVjKJlyliJVKU8VtVgzxJNlp12lRl5Mgxm2SBW8OVxv09mAvNqSurM13vBTiYVTu-e3tb4JzM-Q_gMCMYeQiGrLzwEbQq7V77CJVd21bpvCZU-NQYUd7ze95rPkLELRzHw/uVDkvQUxWqlYmEKbSy13_0fCSpDDgctXUSLzbI4y7t8)
Saint-Florent,Claudy Olmeta,1688,Communauté de communes Nebbiu - Conca d'Oro,0,,image.png (https://v5.airtableusercontent.com/v3/u/49/49/1769990400000/jNtWFtNr2fpR86bewMsIoA/zVbgHwdMfcoX-JtqUvY8fa-NzeUXEeMbbN0Cm7GtHMV7xGGtokFVj9XQnwzBMGpgdNZDS91i1rPO0-8dVnMAjxoUwxXwl_8GIXvdUeZ9iLBzw6ERsBho2RAXkjCqJavMQVqbiMym1EHSG6bNOZ_1kA/5ZME_vK6mzC5xfHJ3LMCGFZuylXShFjG0CuL3fAUByI)
Brando,Patrick Sanguinetti,1602,Communauté de communes du Cap Corse,0,,image.png (https://v5.airtableusercontent.com/v3/u/49/49/1769990400000/jrY97w1KY66IjUZ4BHhskw/QeavjDycs94GlgjnMMOgGo4ecK6P09yZ6zA6fl_dIt3YIqERdjC5AO0rRtQlz3LaRbmiTr_lVe2xGxHKtLo8CyK6r8gHR-bCjh6709cy3Qj5isFGfWxdCrn1rRitw5pMHTHh3SjJFIVgIazozn67mg/_ED2toGPSPSIAKFXIWD-ckS4qvsofXDauTPhBpl398A)
Figari,Jean Giuseppi,1559,Communauté de communes du Sud Corse,0,,
Sotta,Jean-Marc Serra,1556,Communauté de communes du Sud Corse,0,,image.png (https://v5.airtableusercontent.com/v3/u/49/49/1769990400000/jiUzfJrugce5nYLBMnKRYQ/jQ4Qdms_pOkhfa1MCfTUPPq_X2TQ1YZrxdiXA4EUOhUJI5pfDdFWY6ZLeRFkRMibbuIahV6Caa6GSqJOPKQRO7DGsrADHb3sPkWQALaXqnPeNek8KegKxwDvo9oExN77nDZw4O_gtH1h-X-POkfRMA/Zhz1L1hDDA759cRSLVNR0PJkaxMl3TF0f9crgLnh0F0)
Santa-Lucia-di-Moriani,Vincent Antomarchi,1519,Communauté de communes de la Costa Verde,0,,image.png (https://v5.airtableusercontent.com/v3/u/49/49/1769990400000/a3ggkCvsGqc45A5WxskSBw/3ldPUKIG4HisPMgT67u7pNx9QwKbsOwvv7ZKEgDV7LIa0A1h4kuphcLr1_NmrGBQqo9mphwslGie3CZ0VskC3_YPUan5lj6UKlOteqUpNUcv_tSrLSvnW_Uc7Zu5ErvZnwYUvlpvDeyO0mU3-1u_fg/hyEUqYMPTH8POvyjS8msqAojjmkOspf80vPI8Mxf36Q)
Cauro,Pascal Leccia,1492,Communauté de communes de la Pieve de l'Ornano et du Taravo,0,,image.png (https://v5.airtableusercontent.com/v3/u/49/49/1769990400000/884rkY1vyZVnYztyfW4H8A/aIr1fTJBQQlGPXG-pKBoRH58CvRKHQsEGzSYuKORYKvpc4-nOlgC5M_SYx8KOlpZ9-VPaWBRfgx3PPJ0llxCH5_aoaWRcGHgsm7oxx83Jn0PbEcp0Z9oORaamHpquu88XZkO7oMyqanf8cU8aJmmag/QHSSgCcxtoHukemE3hoAOe7UBqHPttFuzcKUAZTU5zc)
Sari-Solenzara,Jean Toma,1411,Communauté de communes de l'Alta Rocca,0,,image.png (https://v5.airtableusercontent.com/v3/u/49/49/1769990400000/TreuAqfqsKcVjY9Ud3DxdQ/LZIncNo3dCpgeu53UA75LayUB5TBf0MzYxyCLx-1C98kysl853LV5l6HrN6fvtBs0gdHZWIrvZJBx6-iibBqHVVF8gAU76sqmSPQzR9wfpVY4gGWPFCKtrh9mAhlqDTnRx7ZnsChCKi_beVtmYZFKw/QdUA2H8uahWMI0jKKP5MdCcYLMfd3Ft3s8P6is812Jo)
Eccica-Suarella,Pierre Poli,1353,Communauté de communes Celavu-Prunelli,0,,image.png (https://v5.airtableusercontent.com/v3/u/49/49/1769990400000/slkrWl8fCjoRDYsOcUKWDg/9OkbsX8c2qk-O1U5Exy3XPKuLqUH69wyvAO2BaNaeQexYEdqiSADsXh-RWNVKDFUNBfa6xsqNtOfn81JXwaUAXah0-nWenc9PLq8DvEk5cCdN1h_znT1DYWZW_N3bYzp_vAXGoLHuKnSCHzBG0zZQQ/f-eLFLJ_hhNKZNCnTU9zDqma1Q8hq8YLhAQ7bP30lJU)
Cargèse,François Garidacci,1280,Communauté de communes Spelunca-Liamone,3,"Jérôme Alessandri,Stéphane Zanettacci,Jean-Claude Donzella",image.png (https://v5.airtableusercontent.com/v3/u/49/49/1769990400000/WN-PRrD_1ChJS3whs0WLuQ/__xh0xyV2JnGnM8l4p6SEDWLkFi9vThuOBeK5wPq4ULC4rnyjcF_dPVqh6-J55A71s4ECn2aBeklNWXqlNokZiwUdp-ItVS8Og3Zhe4JBeJGOEz_y0kbsoGAKWPgV1p_d03JMCJjp3k7DLpP9Lm1LA/ShJX8V2c9EOvvC7OiXNEfkpDp5w-7_FQOQGGaYsDLgY)
Lumio,François Benedetti,1237,Communauté de communes de Calvi Balagne,0,,image.png (https://v5.airtableusercontent.com/v3/u/49/49/1769990400000/P1fPs7HWBhIuj18pQ0om7g/NFGIZFBo9X8Hm0e1BoSjQTmVx7LM-RtqiW4-h4bSJJqSDGSOVnJKnIIVvjBumhh8-CXE9Q0RO3nJQO5WnpbCGoYy66l4VS9vJ5U5RpDf3hqRgpG6mfp-JZlii7nt62Xb1_VEn6_lr3EVPGtlrpI3Og/ASIg1xT4MSC2tP60rW4WtRF0wij5ZbBHGNNX1VjiS8E)
Olmeto,José Mozziconacci,1217,Communauté de communes du Sartenais Valinco Taravo,0,,image.png (https://v5.airtableusercontent.com/v3/u/49/49/1769990400000/Bs9kBNmEr2XYAKJRfI6HMg/NUTvQZB1x16G6XRD0dKyd01vjg4EP1_lctVe1YD4VrN1vycYfHpLT_v8htvyjkbgsA1ilIcgaNXstIIbMUB1rlGvVd9KTJOHn3Z0rmZRcsFJtwae9_AaP9myVnq5TU8qP1iQCpVkZKhuZEJbUqnfqw/PH-AF4HVnSb_pu3LewMYifkEoqfKjvlaOpAMeYjoHXU)
Conca,François Mosconi,1151,Communauté de communes de l'Alta Rocca,0,,image.png (https://v5.airtableusercontent.com/v3/u/49/49/1769990400000/wPRameQogsQEghwfPB6KUg/_IxIkQ-gakC-CIT1zK8-tmjdB0KRNX8fqaIMeIu7YzSzvHVuzyYRRKYQeUcOlmokgOitsYnS-N15i4kGtANgWKBJG6HhJ-sdwqHom3N3OqdPKK7ykZ_8Dz4c-pgeaQ746PWcU6LcMMcOIIVYUmRwVQ/LQ5OABfDAaj_RfPaCTU5fMpVXAn_fXL1azIiOhp2_Ow)
Sisco,Ange-Pierre Vivoni,1151,Communauté de communes du Cap Corse,2,"Alain Clémenceau,Ange-Pierre Vivoni",image.png (https://v5.airtableusercontent.com/v3/u/49/49/1769990400000/2TwDtuA5UIcukHeUYXvPHw/EkG179LoCVSS9GcIeubZQ3Fs2hwx-VfXW9Qba-5OKee1lAXG0sYXd4FCUU377qeW5vASy4S30XzbFOjTUspn-GyFMOSU-CbClOr7pZfhHvlW8nrmKBU47B6M5kAizR_ywQURKcifF396b64gc_uFAA/nBzlmPKSG1qozCpRpOzVHerzOeOkcPrhP2kVv1nA9CY)
Linguizzetta,Alain Mazzoni,1104,Communauté de communes de l'Oriente,0,,image.png (https://v5.airtableusercontent.com/v3/u/49/49/1769990400000/gxD_343KH2yreHihPrPoYw/ShGsT3GK_X3iVD_NBTX-t6NJiEvqeEvg-nysWeJ8XWm_Kl_jhfjui6fm7aW2YA4N0XyTiftfZJHBHPWn4vybJlFezLUvl-BTsM3_39QFvTf1Z1YGlIePbCvuYnwbCLrKZIMiF4IuSGgtifoySO_LEQ/rGXpLqw_vz5GeFK5Z9Bsx99ohmeOmKds4uGE3G7DMBA)
San-Gavino-di-Carbini,Bernard Balesi,1077,Communauté de communes de l'Alta Rocca,0,,image.png (https://v5.airtableusercontent.com/v3/u/49/49/1769990400000/pYfQ-FlU_yZfTQQMPjZFVw/WncvkSqni6KT1tjwMO0E1dp66596kAbAHD2-AZ4cEYRMFobQpxCKP-IrFg5SBFX8-ejSQAP2SrMfG_0Wx3pkmTZn50ORt-gqpqihXIAduVd2ssx320nZCvIAQolxgt-6yizx1kweLK_LviQ7luEuYg/rG_W_aDlarwei0QnFQz6aPgpG5Ozroen2KXlmznejp4)
Santa-Reparata-di-Balagna,Marcel Torracinta,1000,Communauté de communes de l'Île-Rousse - Balagne,0,,image.png (https://v5.airtableusercontent.com/v3/u/49/49/1769990400000/bOZ9grIBYQh-3_5tGZVp2g/Mqo8oyCEBEm78g1mf3ks4mX2CNqFD-WYCseSz9bpHDeOPSAPqboodANYKxnc7ZfZJGnZ2Sq5lw-87BLzt6Dw0axjeNUNWcMWXOGk5ekErfT7G51S-ZW2vVCAzU5vRJn1PEW3p68-jCIUmFtskEampQ/rYBwZ0sN7x4V6yaFVGYKewPRzp67vQ3HbODSKtEKw5o)
Morosaglia,Joseph Mattei,971,Communauté de communes Pasquale Paoli,2,"Maria Guidicelli,Vincent Cognetti",image.png (https://v5.airtableusercontent.com/v3/u/49/49/1769990400000/lXBoBKmnG5nXlDzqDOwyKw/mX9ghIS3EiIAgf-DP04z7q3NOcJhpS3haHqCx_8-H4vMPbcx3W0Mrov5UrzxBk4t64f_ttiPni7uYr43mZL9tLrpkVD_xlzlOIx7VLXRTcdXCbXOKZPqUsb-JWZBjwTnn0lBevD30cRMSN3v_kqG6g/rlMS3MTkSxl0JXrmdYraVVviioz6jGor87KanIxo3Jk)
Vico,François Colonna,929,Communauté de communes Spelunca-Liamone,0,,
Pianottoli-Caldarello,Charles Bianconi,901,Communauté de communes du Sud Corse,0,,
Corbara,Paul Lions,901,Communauté de communes de l'Île-Rousse - Balagne,0,,
Sorbo-Ocagnano,Dominique Albertini,882,Communauté de communes de la Castagniccia-Casinca,0,,
Patrimonio,Laurence Leoni Maziere,881,Communauté de communes Nebbiu - Conca d'Oro,0,,
Viggianello,Joseph Pucci,854,Communauté de communes du Sartenais Valinco Taravo,0,,
Luri,Etienne Suzzoni,848,Communauté de communes du Cap Corse,0,,
Talasani,Francis Marcantei,811,Communauté de communes de la Costa Verde,0,,
Santa-Maria-Poggio,François Mela,787,Communauté de communes de la Costa Verde,0,,
San-Giuliano,Marie-Ange Orsini,758,Communauté de communes de la Costa Verde,0,,
Solaro,Guy Moulin-Paoli,730,Communauté de communes de Fium'Orbu Castellu,0,,
Coti-Chiavari,Félix Peretti,724,Communauté de communes de la Pieve de l'Ornano et du Taravo,0,,
Coggia,François Coggia,722,Communauté de communes Spelunca-Liamone,0,,
Moltifao,François Dominique Gozzi,709,Communauté de communes Pasquale Paoli,0,,
Poggio-Mezzana,Pierre Orsini,699,Communauté de communes de la Costa Verde,0,,
Castellare-di-Casinca,Marc Marie Filippi,697,Communauté de communes de la Castagniccia-Casinca,0,,
Belgodère,Lionel Mortini,696,Communauté de communes de l'Île-Rousse - Balagne,0,,image.png (https://v5.airtableusercontent.com/v3/u/49/49/1769990400000/Rj80aLWOwZydZ8QA35We9Q/yLD73gP8yaF_xnEoMAAfX43HQzvhQFc2rW8pIc3VJqknQehIHzGT93QFBgXxuBmUhg_h4Xzruit79Doj-quvbyOCz4Maw-cFxeCgYR_BAbgxMbwjT4dUvt70Oiyd4jMLK2UVyY50TPelbFD0kbY6vw/YAMSpq5RnQ0lonzA8ra9kdFUrAwrG0wNPuoz_er32Ik)
Venaco,David Piferini,690,Communauté de communes du Centre Corse,1,Jean-Felix Chiesa,image.png (https://v5.airtableusercontent.com/v3/u/49/49/1769990400000/CfHJHJ6qkHsogbWTNqIIUQ/GnFrFucJRG8v0IQJEnUJHWlhjzfZlvb1Jo21582WrCDkAy3JSgYs9evcCIHFsfFd6L8v4KnFHTFEcXr8AbnzHGAbQHNFwYStmZiYuilFn5F1aNu0_xCLD7jL303XyVPWTdpGGUj0tQKXt7Tz9Ql4-A/F1YkUeWqvi485jdbqslIVLPpnIvhNOGEnwAXhPsz0Hc)
Levie,Alexandre De Lanfranchi,674,Communauté de communes de l'Alta Rocca,1,Laurent Galluci,image.png (https://v5.airtableusercontent.com/v3/u/49/49/1769990400000/bjMdzc0DA7N5cpkGeeozIw/kdpvW-7xAijQZFXhXvcumIJ313-u2nG3rlRAYL7cAJHToXudjf4yMxzN34_HfclxNJfLzWL4CdECmSv1gEmF1WwpOBBD3KCFyeIO-jucJz61ZcJnsLVH0C9gBwmgstbO9nbnF03YcbrhChM8dHi43Q/g58hWTGkIF4pPdiCNutCd440e2OgV-dka5HfbPS_YGQ)
Pietracorbara,Jean Baptiste Santelli,658,Communauté de communes du Cap Corse,0,,
Monte,Jean-Baptiste Filippi,644,Communauté de communes de Marana-Golo,0,,
Ocana,Jean Muraccioli,628,Communauté de communes Celavu-Prunelli,0,,
Vero,Marie-France Orsoni,606,Communauté de communes Celavu-Prunelli,0,,
Omessa,Fortuné Felicelli,600,Communauté de communes Pasquale Paoli,0,,
Aregno,David Calassa,597,Communauté de communes de Calvi Balagne,0,,image.png (https://v5.airtableusercontent.com/v3/u/49/49/1769990400000/P3NL2ihVYjkokDgPLCooYQ/g1q8khS0qisu8deuRQNX1umlzEzxS_l99J6Z5HEtkGPMSkjpXcZbNJ9Ef3PNwlVeGUVHaoQZEHzXoX_MVU5QcN-H2rtsSLU18gH1H4Jy48-z3VgShftSZzI4b6TIj59FfJOCUZHer-LtaSza9Bm-rQ/7AVziLhpSmBvJ6xNB7c1hpNSXND25MCUTiXNDnErKiY)
Taglio-Isolaccio,Marie Thérèse Mariotti,581,Communauté de communes de la Costa Verde,0,,image.png (https://v5.airtableusercontent.com/v3/u/49/49/1769990400000/US9akYetIMga7k8SKBJmtw/omSOCZ9WAeqqvk7cFkYBufwXxQnCFTo2BfxNlOFLZ5TiHdNTU0qaydMgchZmcAxnaOLdI9r3NHSjXNGY4M2iauPj0hi5Kjl_yCIzY10CCfLrqGY995CKLZslTWRQtKlKa-KoDMpYbjEeiHnTQTAW7Q/TZH_ovUBg9WRt0ViPLKJwPlmXjhm8insGUYF4425eqY)
Murato,Chantal Peraldi,565,Communauté de communes Nebbiu - Conca d'Oro,0,,image.png (https://v5.airtableusercontent.com/v3/u/49/49/1769990400000/lNarX3QOiTBBOsyFANe3Kg/2EkwOl7FEojubLfHwdnHQvILUTLV7ctX8y9ZGI0Ejcdj-SYJk_dT90Uc7IN--NTwd2ZapQCfjal9Ih7cg2ViC2lHkhCbsknYV6IiJavL4AVHNEWRB1c2UqCT_U-fhRFPCJwVCIPYuJtR4rEjUrKIMw/L7P0hmhDzGV8J2zQpuqbsZxD4vdNBoLywLchQBDpXgw)
Petreto-Bicchisano,Jacques Nicolaï,564,Communauté de communes du Sartenais Valinco Taravo,0,,image.png (https://v5.airtableusercontent.com/v3/u/49/49/1769990400000/nc3NgIxWzdXPP38oCiVU_g/9OFEN5WPC0sR3xnp4IycpBgZgRGM70A13k0z4FvriRuDrBnwSdJzdJSg0VJb14KorANy1LWU7xH1afOsorX7eQa5kg4lccKGHYZz_lx0V8otBquJloiPgvn1T4vmolZf1xejah5Hn7M6dU-ZAO0V-w/kB-ivz19zmCyfcVPCVEcCPNGPbCRaBduKrrm7JSOjLY)
Serra-di-Ferro,Jean Alfonsi,563,Communauté de communes de la Pieve de l'Ornano et du Taravo,0,,image.png (https://v5.airtableusercontent.com/v3/u/49/49/1769990400000/XEFxZfDpmzzg88wewkcsag/6trRubvAqwthnznr1qq6n0YKn_lI91xIboz1rW3toOORA8p_CursDRe0CuFBbi5W5yXn-SDkdJMjvPZt_8uGVlffb6LW-UnukrlNqlZBGS_dja5O3Mqcg_cqA4_VrIT6tVZOBdRFOwWniDa2QFg-AA/QU-N84rAN16wdZ-3pcem9l0jGLVVTknzV7nw0Rjuc0M)
Monacia-d'Aullène,Marc Luciani,559,Communauté de communes du Sud Corse,0,,image.png (https://v5.airtableusercontent.com/v3/u/49/49/1769990400000/p8t7x1T3-ZuoIxlexaBeeg/wXv6Dwv-8tjLoQZO_-FLrCHOqMJIzPX8K0sUgGjejj3AVml25I-HPKluiYpdrIxNGuWnQoq1h8jaW7iPmSiIllWuA_YPG2ZvSS5dV_L572lOcRdrTiM8a91kI0PhorI35q4v17h0xENXfIa0Skpkow/zE7PGownqDYGSHFM6qZdfFf3zdwLbcMVqMyFqR35jkM)
Antisanti,Anthony Alessandrini,556,Communauté de communes de l'Oriente,0,,image.png (https://v5.airtableusercontent.com/v3/u/49/49/1769990400000/9evstAydC9e0VR4N1E4jWw/I8S27gQxsHSvP91EG2mlEfujNdO4ps0tKlJV9jukYcn-NNmJ825MuNds-qzex2GhIPa5Y2gdwq4prdq7vmjnQTVHCC5P0sRudkMHpaERIz6hf_f278bzbIsykGpP-NVnrHYf8id65jpZjICEEecIOw/CRBsCWQ4KJ5nqD4G9HbY2WB3uhkKjm3ZoJtoHxUs6yk)
Olmeta-di-Tuda,Mireille Boncompagni,538,Communauté de communes Nebbiu - Conca d'Oro,0,,image.png (https://v5.airtableusercontent.com/v3/u/49/49/1769990400000/I1wg_GVbj1qfG_NvVZHFPA/grJK_nJkR4Sfpu6Tp8XwkqKoKrET2Mr2ji5mBzMllTlICvc-6Lzd5Wcrbt5E1qRZ8syR4zSv4hm6DmNo5B4Fz1AfuS3XqYcSsAZbFhTxh-y1fNcovvkE5bObA2tOwdyIezTDzLl7X77rJqFqHaMyaQ/Yj8gqluxkv1a7Q-ylqpOl1T39TRitJUGn4QDUm5ouRw)
Rogliano,Patrice Quilici,538,Communauté de communes du Cap Corse,0,,image.png (https://v5.airtableusercontent.com/v3/u/49/49/1769990400000/k75e6sJvRC0VzJAQq8nchA/LJKjeAl7LTBWCz_3sZtlJyOQwOQKTqxoxk6sDqsUYqm5R-6J9rPnvB7j3UNbmkJxM16wmIpKomp4nkzWW6PKumhV6oBiZlnZ2zpxHWT2kuCOIaFWvxObBqak0uYwX9UhQu5FyZlfelCi101WWktwqQ/aiSPiESwZWfm_G6B2EU2V3yoyXnA_SFB77tbx6GIaPk)
Valle-di-Mezzana,Horace Franchi,522,Communauté d'agglomération du Pays Ajaccien,0,,image.png (https://v5.airtableusercontent.com/v3/u/49/49/1769990400000/1HimZs91ACONJ_vuY9lXvQ/uv-e1hkgJ9EFx4z6On_P0ivJGYjMBwPKMvoVTZFw9zdlXpvRs94b22ohhFa9NfBx978N4BUZtMf1BfTKfNR1uWMTvkltJovITUazaqPt7r5uld2NfDDtajFVSy1mD45z6k6RaNkBy1Zprkki3lQXfw/PRmAgt83wO4qgZbFtpFdVES1HAUTLkNuV4DzMHu8uGs)
Bastelica,Jean Baptiste Giffon,517,Communauté de communes Celavu-Prunelli,2,"Michel Piferini,Jean Pittiloni",image.png (https://v5.airtableusercontent.com/v3/u/49/49/1769990400000/r0HAMVn7QZ2HHO-0Yx7V4g/R5yv33pt9jd8AEwkbKeuIE_ZURfmiEuQkuxdi8ByumGfNo_mtdXBATDa3xf24AxqavejtDxhtX0Sso5Fy2sFRAdC0gkuoZFP-9ZetIX2mgeEpo7hPAaUASC6pUx83W-Gd4eLyuEVprSIbwJ2-hp2JA/I7fjSD_oQfDpy4JHxOeHOlHQOAHgEPrZOYHWlw4MNlw)
Ota,Pierre Paul De Pianelli,511,Communauté de communes Spelunca-Liamone,0,,image.png (https://v5.airtableusercontent.com/v3/u/49/49/1769990400000/iYBPHL2gY2I3QuvWrLSHLQ/yWnuflDcEKBq9_i57AjgHmyCRs0-U9o1n5kjJ-cByA75xgOrIpnn_8kB2G_b4dc0BQ1cQoTM528pJelfvXV9yGB65hta6Psdb_mptPIdMMFkp2kVgOl9TOmeH1tLaNi4RGjmgWLr22Qj1E_4bgZR0A/0LmudTExqigcz0dopXRhEbZQfmIP73qJXKerIp0f4aw)
Calcatoggio,Charles Chiappini,503,Communauté de communes Spelunca-Liamone,0,,image.png (https://v5.airtableusercontent.com/v3/u/49/49/1769990400000/U3gFEiyRpcG0E912ydzCDg/4LhTDI6JU73iNKkr58HYwy74fYjfzVrcraIOqaKsKMov2F9AsMZvNOytO3eEGHwdHGS7nqIYnM-s_eA3zP2Kb9D8SS1plN4MzBiIOG93Zv18kQMoKemaQIwk9-Zz0FCvPshQPRPMc23e8w8QW-IZSg/gLdoFdytyeVYQjzJWk1Q_jvDsnbX6cE5twIla5phRgU)
Ucciani,Jean-Luc Giocanti,501,Communauté de communes Celavu-Prunelli,2,"Marc Franceschi,Marie-Pierre Colombani",image.png (https://v5.airtableusercontent.com/v3/u/49/49/1769990400000/4CqZZcgDgNwuDvhovDdf2w/wKhT409f73191r1J9t3FY8AxZ3arbgFMyrqZNnZTRQOGbe7AZylXKGJ26DHXYy0HVpk2ePQl87Fqx3sj5Yp2w9nE5RLtgR6bgJdhRcr1vwZn2krA9wo3CmHDLE5b8vRsdNqmgTnNZGGg2XkO_Jn8Tw/841_GsQiVqVd2KGQpnJfbstf7cx1_A0nFyZqsb-xTvY)
Castello-di-Rostino,Frédéric Soustre,499,Communauté de communes Pasquale Paoli,0,,image.png (https://v5.airtableusercontent.com/v3/u/49/49/1769990400000/7j7wjlK-UA6GMSbfmkAfWQ/jT3waqiookNqPU4D2cS15HJSeuB5LDktjhceJpMJJ-hoQmmdZWhthLToqzuRmJWvRUt1TKljffi-dfa2qy50o6RTiSgCvtbNaD1Ejgpy8lp1_5vPCGwvtDVFS-sSRrdZbsShaYgnkNOdk-iRP_FqmQ/D7Hxil02YJFfIQAA2SqWKtvSL0_oSFL7sDZ5GCzkB_M)
Pietralba,Alain Burroni,496,Communauté de communes de l'Île-Rousse - Balagne,0,,image.png (https://v5.airtableusercontent.com/v3/u/49/49/1769990400000/brt2BxthdQ3yVDKdExeUZA/yzpveyJPkuBhBIHcHLQp9P8qWnTCNrmxPuNn14QjV9OBZK8Or7h-km2HqB-7t3_NU57XgkWP-6G3k9qSxzWst3lucYbD4VJpFEzkxZN1hc7s3rWcTCVC4Ov0VcRl1Mz9KfpD_ts4lZkvkLmErA09_Q/0gl9IpmjbT2hloJiHAcIUfkHwtf1c7xV24hmyC9AgYU)
Piana,Pascaline Castellani,461,Communauté de communes Spelunca-Liamone,0,,image.png (https://v5.airtableusercontent.com/v3/u/49/49/1769990400000/I9qUbICRgnjNBNzfo_cKoA/j-YW5mjztckVA-Iile3kn8OAruFYxKINRcuEig-wVFgIWDlT2V8bBwDF-oWvEjJyH64VQoqprbSroi1tFaERYB4nw4g80tiXcqHnw0AWfBD5hBUOlpW_L7rNQGpW1fRzcWTmKHyC-gQOQsS5uHbK1Q/BXiBapHSdG3LXLEI9A1LmKvruOV8qORxm2k6ieXbRzk)
Vivario,Venture Selvini,428,Communauté de communes du Centre Corse,0,,image.png (https://v5.airtableusercontent.com/v3/u/49/49/1769990400000/7lR4pAE9ic5rsAWio6zjSw/sUqsMH4YrjqRDpQx7i1oetN7kPNqQ2mgYiqqMppr-ffsxgpGyY8Abihi35lARVnmlX1AObrvAra1YhEGi9VmR9-TKsBcgiB-tsWW9Urp_9XKO93VLr_Gc4_bjpJpjDr8jPI-t4OBIYCgOvrxZMMR6A/3jEmiaD2oeQo9ib8qhkSOlWVTaXxKjDsHISuLXj0PCk)
Montegrosso,Jean François Mattei,425,Communauté de communes de Calvi Balagne,0,,image.png (https://v5.airtableusercontent.com/v3/u/49/49/1769990400000/D0WoINz41OgtgQKLMo_92w/1o6Rc64E_CyvS93pT9Cvp_JJOLf3eYJ9X0mgM4FZYDKslUXXUoC56soz8u8wHRU7tT1BcPPeqWnue9SgeGvvwJJyt3HTHr9BPQpDhhYrlkRlQfrR9ATDZi3sBihYzo_dTmzFWQ86C0ZjNRkYThWjsg/1APYf88LykqTaqfm9u8zEMwpf3Mlj2FI-h1TJQHIYqU)
Rutali,Dominique Maroselli,413,Communauté de communes Nebbiu - Conca d'Oro,0,,image.png (https://v5.airtableusercontent.com/v3/u/49/49/1769990400000/AL0BTG2ETqWmo3qX-k-56A/SdkJFKC7r2l6TS_ecRJWdcYHO60fwoXsL9BxtlxCbTJ2bIq7Elwc7XGor9CUtvGTKaXkZHEJrQNAjgE3JTDjRC5aniul6vTZb4RxIJ2TVnQnTPzF2gJsZAqO-9_vmL4mKBlQDAP9agJkHaLhbNQ2YQ/Fa7pppeVjTmSoLmGB82dXOGkctxSRJlbNzarklEcSyY)
Tavaco,Jean-Marie Pasqualaggi,405,Communauté d'agglomération du Pays Ajaccien,0,,
Villanova,Antoine Vincileoni,403,Communauté d'agglomération du Pays Ajaccien,0,,image.png (https://v5.airtableusercontent.com/v3/u/49/49/1769990400000/rGM4ZkPkQ-Rt-0ZNBzy2Xg/xKvmeVQNxaZHs2EpiwvVQF2Sx4d-At9CudTcSmqytnea9mku5FkDJY0uq2IVC3gEpNhmh2r-3ZiTyUG1ALPXf4nSU-ZknhnqAx9CDt0S3icNsZlPOBhfcR8FODfsLvdsUYI5S8tgJshO3Vjqsco7Pg/TSejfqoRjssOVQGXQSAtB8yFzdVV1EuB8DaLREpRTz0)
Casanova,Thierry Cambon,395,Communauté de communes du Centre Corse,0,,image.png (https://v5.airtableusercontent.com/v3/u/49/49/1769990400000/biLbyNQ4NYWzpMe6rbv3Eg/WymifxwhfBGMXx5Sx_tElWzLTmqnxkncgcRqPGU9Dr03QUEL3Kkzig5TNRioWDGLJX3vHt1gPTGAOkqADzfhrnaGJMtBCJmulBk0peXLs9E9s_WNu5LlEpomrba0mgDShQAAX2mifsfFG9f9A6ExQQ/ajgk8z2lT55zEKGIvHSmbUDXDdAa3RZ81nRj2TZaIP8)
Tavera,François Chiarasini,394,Communauté de communes Celavu-Prunelli,0,,image.png (https://v5.airtableusercontent.com/v3/u/49/49/1769990400000/Gw7vcs2rW3K6xti9YKj-9A/-aBAU8pgB-I2iD7Pp7JGJRRYVjYmULpOn-2Q4n7FqgIlxuWlcOB8t-BBmj4nGgS70XR6_dF4Nkyv3Z5XSKWi5Fr9d_ruIVU_nyX77y1YrrhRGR71swX51DXibuu9ZEh7FbAIhE3eAuGwylIlv1yiFg/9NvMrLT-M0uFLp40U34RDX8_xuh2FHRzapc-ZtV8BAo)
Santa-Maria-Siché,Réjane Leca,387,Communauté de communes de la Pieve de l'Ornano et du Taravo,0,,image.png (https://v5.airtableusercontent.com/v3/u/49/49/1769990400000/r5ULQ_mygRH--iWTfU88MA/a7hJL_L3IT53FdI788OjpI1pgTSJ6mvv8tFDCuCAI5vRMbWmVleLJQ5EPnbc7ZqruddiVtAT2M_7uO2bjUzjP0ntjj1x3ce0XYChDwMqfjYP5vzxg1ugnn_OwQrSf9a7KimKYDVQKKYQDF2kSzsB2A/DJd_xYGpkJpb4a15wEk6Rql9g7aMkMyeG_yi7iBD8LM)
Casaglione,Ours Alfonsi,384,Communauté de communes Spelunca-Liamone,0,,
Sainte-Lucie-de-Tallano,Jules Bartoli,381,Communauté de communes de l'Alta Rocca,0,,image.png (https://v5.airtableusercontent.com/v3/u/49/49/1769990400000/uPh2ce6UGoFy4_8Yld7N9A/buVZdhlpHmHesvct_6tjvPRBQZD7P3lTh7b537mhgFqBqH4fxe8WE7GKSdGHUu4-q7EFwE6I8SH8rB0yzZwyeYyWijKJG1ouCXbFerCxkgVPMbLGPMQC9OmNbWKDQD-atUyshkKY8tyvTesyaorkoA/ttZQtDGSVRAhlRRtDD6fDlQXEc9z5qBgZRxenXNitds)
Carbuccia,Pierre-François Bellini,375,Communauté de communes Celavu-Prunelli,0,,image.png (https://v5.airtableusercontent.com/v3/u/49/49/1769990400000/0iQWbvnWTsSh7iwCqZGXwg/zUBtXDwkmsha7TOXFpgpOot81wqJqxrOfA1zVNdWIm-fMj_iIT3IJmYPxexqVaAfVoon5-Y4kmWeJgOSv617B4ZIKOb5mSjd1QFygioayLs-SwObq7dKqhWbuQ_kEZT05I_Y9NCFAAqC1ZGflRXq6g/g7eI9wjn__302TqUJKiOgU9n1_cpbvcnOmQi2C-rlIU)
Galéria,Jean-Marie Seïte,373,Communauté de communes de Calvi Balagne,0,,image.png (https://v5.airtableusercontent.com/v3/u/49/49/1769990400000/INQsmgNUQVpH1Wo-O2LFhA/NCseJVyr0DSqiWI1sPNAM5irecmB98sGuVdhp2jnFyZEdT1aP_VQ6FRjpOomYKYI5gr23HzqlYsb2Vm8aBmocTiM1flCjhk5kPZ3G76gjVZVY6PbbY6eHVFR2WeWz3_R2IJswyHfZr8Ve21omcDJ8A/-YXZnxH2wqpz4f9KVT4EvqBwwFpcrb8gWaqUrd3NkSc)
Bocognano,Achille Martinetti,372,Communauté de communes Celavu-Prunelli,0,,image.png (https://v5.airtableusercontent.com/v3/u/49/49/1769990400000/ByNHc_vuCwRdI2p_D-6vYQ/UMJP1QX_frQ-X6aajlY7Dn2NaZsAGzaCskGDMwugNAoPHwYgmdGG8fYj-XSdgTd620FEtV1Gysb4GEXTGhlkAFbSaUDrWVF_7WxjETbckdGORxLFuiUZHzLDUdJ_YKR8X49kXZgeFS3EjsR3q1VrSg/DrX9jAaHoFpwZVGSxHo15-XkWv9b_svMEKg8xgR1du8)
Sollacaro,Jean-Jacques Bartoli,372,Communauté de communes du Sartenais Valinco Taravo,0,,image.png (https://v5.airtableusercontent.com/v3/u/49/49/1769990400000/9PSvmfZxX-_tJAS_YUyk-w/2fB1anafUZ2VLN5Aq3baY-lkVBh-BQfKMxbZ6txCLtWm-Ka_S2JKzImoJx-mtfc6StyiYU88Y2SVHfhWrzSVJJPzMn9mJhGF3wK2dIbQIXNBZGHeOE_wz6ATdMQgpaVwmxjvm9hL0H86UIpVEDPXGQ/h8x2HD05Lwp59y3HNzfbaWvVlcpHCmZcdKqyp_qkqc4)
Algajola,François Rossi,358,Communauté de communes de Calvi Balagne,0,,image.png (https://v5.airtableusercontent.com/v3/u/49/49/1769990400000/rlEyh-9ug_w170fU171XWA/9CNM0pOOOzJXbOlx-ShshyOsEHoAtl92oBQ5mUInPR-irFXSN47ohCwtwAJG_BXfuzUFsSZ1HdtyyqTpcs4QCAD90BmvrqCbjlNITCQzOKDEVubiJHxuoSuw-_KD6SSggr9vvDTWPHSf2z26-fk67A/KYHmjrcVvJ_K-PYW0FTCbWMZyeBHM2UQAsQQF-IzjaQ)
Sari-d'Orcino,Michel Pinelli,352,Communauté de communes Spelunca-Liamone,0,,image.png (https://v5.airtableusercontent.com/v3/u/49/49/1769990400000/DwNYS7OVihA2XE6lcdkkOA/CrRYeUy7MmON3rq4230umGdRu-rYo31c9bAyC6RhqyG3DzG73MRhfFq7ijGAYoIGdpVMabcqLWBZCETTyFLRsMGhU9MufUUHZmEb2FnTCDRSP19xKL0pUWrQcYYIbnhttWVkajjybKfFSBJlamKx-w/ise3oA8ikU0ynR6HFmKe8mdOHpR8Rxf8Prj7f-CZJmA)
Valle-di-Campoloro,Simon-Pierre Riolacci,352,Communauté de communes de la Costa Verde,0,,
Volpajola,André Agostini,352,Communauté de communes de la Castagniccia-Casinca,0,,
Pietroso,Bernard Marchetti,349,Communauté de communes de Fium'Orbu Castellu,0,,
Santo-Pietro-di-Tenda,Marc Tomi,338,Communauté de communes Nebbiu - Conca d'Oro,0,,
Moncale,Pascal Fantini,337,Communauté de communes de Calvi Balagne,0,,
Serra-di-Fiumorbo,Jean-Noël Profizi,334,Communauté de communes de Fium'Orbu Castellu,0,,
Canari,Simon Gassmann,316,Communauté de communes du Cap Corse,0,,image.png (https://v5.airtableusercontent.com/v3/u/49/49/1769990400000/slrEWXbHFjT4XlcZsxriyQ/6b56ZbmeSBt5Al5WyUKVXO8WyrEXkloVM-g3_164Qo5ZsvHL5mUXLJ6QzU6J10H2xPkQYiL5qn4W-Ls9pgYnkqXsRD0iPv6zEQZ2oCKV4I5Ocjy_pdePdd3ux1iAEDf0_rN6sxnYTPGJ3Xl52hVxYA/sepIeUQ7Nz-3xL-dpBJE1YxCnyv6k4AItMaukJsy4w4)
Isolaccio-di-Fiumorbo,Angèle Bastiani,315,Communauté de communes de Fium'Orbu Castellu,0,,
Canale-di-Verde,Jean-Charles Castellani,312,Communauté de communes de l'Oriente,0,,image.png (https://v5.airtableusercontent.com/v3/u/49/49/1769990400000/qOlrhjXhsHY0DS_cjTGnUw/BbredWMTjI3RRYImjWoxeQrBFgis_zknCc0JZGCJznyhZdw-XloVL6mg6MPx6iDBVKoKkxak5nhA-ky3SZ2M3dqmX8ytjkTdjrX2IYS8qs1BqYQYT-8bpy4G-1O6_h5vzedExQszD15CHDNrJCmYbA/RLw_F-R7rR3b9lbhKhQBQnJpaLWGbAFiHs0TTnMovEY)
Zilia,Jacques Santelli,298,Communauté de communes de Calvi Balagne,0,,
Barbaggio,Etienne Marchetti,297,Communauté de communes Nebbiu - Conca d'Oro,0,,image.png (https://v5.airtableusercontent.com/v3/u/49/49/1769990400000/JvtltcBdBYXQWHck5BDn0A/Ei4rKrAbllCEfZD_gew0Z7IJ9OiIbEc-MacoHAzVTiP_LaWUYbi2getVtdg_YGv82ZHcTUDAnPfuPLWVrCXO2tbRDwOT-XyynRr0rQErLswF5zBnpv9RoDn216pSur6De-P4AjZhAQCOM0zD96pb0A/QQZAihdZW6qg2ncuXE5Yc-msUHduSXRIpbw7CtTwCcc)
Santo-Pietro-di-Venaco,Toussaint Rinieri,284,Communauté de communes du Centre Corse,0,,
Tallone,Christian Orsucci,283,Communauté de communes de l'Oriente,0,,
Cozzano,Jean Ciccolini,278,Communauté de communes de la Pieve de l'Ornano et du Taravo,0,,
Pila-Canale,Emmanuel Guglielmi,278,Communauté de communes de la Pieve de l'Ornano et du Taravo,0,,
Speloncato,Jean-François Poli,277,Communauté de communes de l'Île-Rousse - Balagne,0,,
Calacuccia,Mathieu Acquaviva,268,Communauté de communes Pasquale Paoli,0,,image.png (https://v5.airtableusercontent.com/v3/u/49/49/1769990400000/obx-thThiBnlvmyzOmIcMw/zdTQzZtOg7IJOT8rLz9Ge23t42quyEIQ-siqGt5fYjrM7i6huyG4glUyZApDrbTRIh8n1Sscq2ARoxhhrS7jEn6BcjtEguCjfuIexsg9Lmgtqzj9_Z0VG75rJ_xHZ9M1CvE5zSMSP4CwuhMKad8tKw/fQ63Ky3yHUPHXYT3_Wn0-ymK8v8QICPBfCjNvC6pcNs)
Vezzani,Philippe Susini,268,Communauté de communes de Fium'Orbu Castellu,0,,
Occhiatana,Jean Louis Massiani,264,Communauté de communes de l'Île-Rousse - Balagne,0,,
Moca-Croce,Patrice Istria,259,Communauté de communes du Sartenais Valinco Taravo,0,,
Muro,Claude Flori,257,Communauté de communes de l'Île-Rousse - Balagne,0,,
Cateri,Dominique Andreani,244,Communauté de communes de Calvi Balagne,0,,
Urtaca,Paul-Vincent Ferrandi,238,Communauté de communes de l'Île-Rousse - Balagne,0,,
Farinole,Ange Cherubini,236,Communauté de communes Nebbiu - Conca d'Oro,0,,
Feliceto,Gérard Francisci,236,Communauté de communes de l'Île-Rousse - Balagne,0,,
Aghione,André Casanova,235,Communauté de communes de l'Oriente,0,,image.png (https://v5.airtableusercontent.com/v3/u/49/49/1769990400000/_Cs4WAznTBm8ri3WE3SkGQ/L9UToHv4Hx4m9r3qFtvuu1RQtaqDmbVyWczGeaFdD-4I52VQmDvANNbhnPZwzRiC-iZ6UoXf5A4pK3LwWRA51q-sodvckGMNbs-1HDgPkhpZlYkMF89wkvpYrfMgJtCF6IB7rJk0e0OlymSwd_HN0A/HdUNmtF26wz2vuNyt5o1IElM8WIlk9fshv1rQEKxNUo)
Bisinchi,Pierre-Felix Olmeta,228,Communauté de communes Pasquale Paoli,0,,image.png (https://v5.airtableusercontent.com/v3/u/49/49/1769990400000/TFbHY2tJNlLprKCcciFI7Q/BQzlhgYSyB4fQrtfWXNrx3-BxswB3Bibm6OV6-dCNNmrWjIg0acH9RilSIheYnBByh___u3pFGF4-Q2koJimQ7goYMVxSpSRTCfscZJhosZq36fl6hQ2-LZMwseVJHRzrPjgcNsk0zngxU9zPoRBRw/hAohud-9V_PC-Alow-bPfG3_-7rt6VpNxv66mrXE32w)
Casalabriva,Vincent Micheletti,219,Communauté de communes du Sartenais Valinco Taravo,0,,
Zicavo,Antoine Paganelli,219,Communauté de communes de la Pieve de l'Ornano et du Taravo,0,,
Olivese,Jean-Luc Antoine Millo,218,Communauté de communes de la Pieve de l'Ornano et du Taravo,0,,
Chiatra,Pancrace Maurizi,214,Communauté de communes de l'Oriente,0,,
Poggio-d'Oletta,Antone Casanova,214,Communauté de communes Nebbiu - Conca d'Oro,0,,
Évisa,Jean Jacques Gianni,213,Communauté de communes Spelunca-Liamone,0,,
Vignale,Charlotte Terrighi,212,Communauté de communes de Marana-Golo,0,,
Fozzano,Mireille Istria,209,Communauté de communes du Sartenais Valinco Taravo,0,,
Loreto-di-Casinca,Séverin Medori,208,Communauté de communes de la Castagniccia-Casinca,0,,
Poggio-di-Venaco,Jean-Noël Guidici,208,Communauté de communes du Centre Corse,0,,
Ghisoni,Don Marc Albertini,207,Communauté de communes de Fium'Orbu Castellu,0,,
Ville-di-Paraso,William Monti Rossi,207,Communauté de communes de l'Île-Rousse - Balagne,0,,
Sant'Andréa-di-Cotone,Stéphane Domarchi,206,Communauté de communes de la Costa Verde,0,,
Albertacce,Pierre-François Albertini,204,Communauté de communes Pasquale Paoli,0,,image.png (https://v5.airtableusercontent.com/v3/u/49/49/1769990400000/NbImBxhINxb88TtOH7A__g/ggAqIj4hiMoYW2KkHEzWVHXAUVgG-DyiGIHxkMnkK6tnRJwRbQVW4Mw2hchQFnPN1Bk-Br3HDMihiGtgO8hoR5TOcPNOnl3_-bEp0snNRaRJPDmiCw7Jj64OVbl6Ska6jfBLGVg2DI8HurbPJ7_M2Q/yda4OXmemkZNucW-7TMTUk3YeI2gN46jxWXujpamhuk)
Pancheraccia,Jean-Paul Guerrieri,197,Communauté de communes de l'Oriente,0,,
Quenza,Roselyne Balesi,195,Communauté de communes de l'Alta Rocca,0,,
Azilone-Ampaza,Marie Chiarisoli,193,Communauté de communes de la Pieve de l'Ornano et du Taravo,0,,image.png (https://v5.airtableusercontent.com/v3/u/49/49/1769990400000/VkOwapkoV-4H-lkHBFy6UA/LwQA995rkv2vRyP0z1SpSP8a_7IvAIspB1RcFYofQjXJgf96DyN0Ayqq0Fd-VSieqipeVhiNr5V5Lyi4JivZkNsBqESKGc9cgjytonF65fKfMoRxuU90r8exkEOlTAecljgOQtou7dm1zeBEfKViUQ/TXGB2giT1ACzlJXUmKX6tZ60D4pfVoqtFLpHqrQKUnE)
La Porta,Antoine Francois Rodolphi,191,Communauté de communes de la Castagniccia-Casinca,0,,
Aullène,Pierre Castellani,185,Communauté de communes de l'Alta Rocca,0,,image.png (https://v5.airtableusercontent.com/v3/u/49/49/1769990400000/f8NdLsCKfdChuR5IRxcxig/WqxJpurZrHxNv10Bf4xekjyoKsV9pUc_v2NgawWARBk0Q0AyeJXayPqKVq41bO1tRll_Hwl0quRxR7uYvoIfgph9jevi6s8dFJ2_bgys5V5ew00tgzmv4uRixZXTPYUZ88f4z2qRk-QBmeo0dGvooQ/npzwKWxtcEsOKRkHVwU3jhX0ODoQM-hf99F6-795GAA)
Campile,Jean-Marie Vecchioni,185,Communauté de communes de la Castagniccia-Casinca,0,,image.png (https://v5.airtableusercontent.com/v3/u/49/49/1769990400000/2o4t_a1TW0EqazWWos9wGw/gOxA-hfrDOsWZLq5I_GYQnoWei4sc2QnFo32D7BpFnJSxpHAH1wPLW2Wxb65srFXUXz-Kh_d1zpyJMMgmTPtahCkDXfaegCNBVzVFqAXf8WEB4JrBqODr9NOn3ADAF89h2wuhBSJ30joR9ExGZCNog/m5Rui-PfS3U-AruHqJfH9fF4KxK3ptqUmyiTPDNhyis)
Centuri,Pierre Rimattei,185,Communauté de communes du Cap Corse,0,,
Olmi-Cappella,Pierre Agostini,185,Communauté de communes de l'Île-Rousse - Balagne,0,,
Palasca,Pascal Sarti,185,Communauté de communes de l'Île-Rousse - Balagne,0,,
Tomino,François Orlandi,184,Communauté de communes du Cap Corse,0,,
Poggio-di-Nazza,Antoine Vincenti,183,Communauté de communes de Fium'Orbu Castellu,0,,
Pruno,Charles Felix Giacomi,181,Communauté de communes de la Castagniccia-Casinca,0,,
Cognocoli-Monticchi,Ange-Marie Aliotti,175,Communauté de communes de la Pieve de l'Ornano et du Taravo,0,,
Pino,Jérôme Casalonga,167,Communauté de communes du Cap Corse,0,,
Rapale,Jean-Claude Fondacci De Paoli,160,Communauté de communes Nebbiu - Conca d'Oro,0,,
Arbellara,Marie-Antoinette Rotily Forcioli-Carrier,159,Communauté de communes du Sartenais Valinco Taravo,0,,image.png (https://v5.airtableusercontent.com/v3/u/49/49/1769990400000/Hn-J0IsZY4HhtfsZhgmv1A/OjNAX16nCzsn3iOB0IfrErlBCihx3LhjwE8kRlCuPqGQgMVXLulW3ePUHh1SVp39agtrjtWeHdAHW2ameV0s-EkxnM73OI0qhrkW7v9ODJyPLoTbCvY4UlFPV3M9o5tGLEhp-z9sMERNbskwPw3Wmg/qQmuE0GXNM4HhdwZxLxZJM1O-lzfl-n4FP08Zx3wALY)
Belvédère-Campomoro,Don Georges Simeoni,159,Communauté de communes du Sartenais Valinco Taravo,0,,image.png (https://v5.airtableusercontent.com/v3/u/49/49/1769990400000/vbgwMnoSYnldd7A_XnHTQQ/FltTYIfS_-hCGjCU0LJ-13CzZuil9crKgyvTP5_LFEiXHp81meoRptvCIupsHOSDfk-ZnN_QXzpWU9qXWBLAXmlENJOY7MO9hECZzoTp1LCpSqyMb9R4E2CtkWEInYy-25X5CfV77DcXuc_67c5qTA/f52Gsk5GPT3oHNh3Nto755Qhe4amPN6fKBo4o7WooUQ)
Guagno,Paul-Joseph Colonna,158,Communauté de communes Spelunca-Liamone,0,,
Cagnano,Catherine Catoni,154,Communauté de communes du Cap Corse,0,,image.png (https://v5.airtableusercontent.com/v3/u/49/49/1769990400000/8v24bwwUnAGDjwf_r_nTGA/2DwOWQynRDDWNauaToj6DoQr6Zk1r9tu4BjilJuCyCsnyG6eQZYJSTnSfZkf7VbOQfbEb9NDcUveLDtdJVfl3ZecnGGoOT_ZJeFJWtE6X4qh7XoCDYJ2-r2K8lftujN7Bp30dcLd1IXqfBTvJjG5lg/4dRS7Iebz1AWC5JLghO3JzWWFAX-dyWEpyZFaZYFlQA)
Castirla,Jacques-André Tomasini,154,Communauté de communes Pasquale Paoli,0,,
Guargualé,Paule Casanova-Nicolaï,153,Communauté de communes de la Pieve de l'Ornano et du Taravo,0,,
Guitera-les-Bains,Pierre Nonce Lanfranchi,152,Communauté de communes de la Pieve de l'Ornano et du Taravo,0,,
Soccia,Jean-François Bartoli,152,Communauté de communes Spelunca-Liamone,0,,
Riventosa,Marcel Cesari,152,Communauté de communes du Centre Corse,0,,
Foce,Pierre Cianfarani,151,Communauté de communes du Sartenais Valinco Taravo,0,,
Lama,Pascal Biaggi,149,Communauté de communes de l'Île-Rousse - Balagne,0,,
Lavatoggio,Pierre Leschi,149,Communauté de communes de Calvi Balagne,0,,
Prunelli-di-Casacconi,Christiane Mariotti,149,Communauté de communes de la Castagniccia-Casinca,0,,
Olmo,Frédéric Mariani,147,Communauté de communes de Marana-Golo,0,,
Balogna,Dominique Grisoni,146,Communauté de communes Spelunca-Liamone,0,,image.png (https://v5.airtableusercontent.com/v3/u/49/49/1769990400000/Yo2kdl1buWEeuYF51GS-Gg/9vuNn35KkQBSI1_FEN1m6SIfLF4BfFYGJFV4dVKyoAlN77tZ1BKIPfx-MydXSQytA_a2D6gLKMrlzaxjYy0QIrFhpqRcc9oeJP0mEDxjB1TBENbQ9WG_kcAj9LGvp_ZtX6sGvFsuQ-4Tsk_-2CRnFw/U37WG_cQF7ryXHLJ4r5uqsxntjdXcWQc653mE11U4jE)
Vallecalle,Augustin Poggi,146,Communauté de communes Nebbiu - Conca d'Oro,0,,
Zalana,Clément Baggioni,146,Communauté de communes de l'Oriente,0,,
Ersa,Thomas Micheli,145,Communauté de communes du Cap Corse,0,,
Sorio,Joseph Chiarelli,142,Communauté de communes Nebbiu - Conca d'Oro,0,,
San-Lorenzo,Jérome Negroni,142,Communauté de communes Pasquale Paoli,0,,
Valle-di-Rostino,Christian Moracchini,141,Communauté de communes Pasquale Paoli,0,,
Frasseto,Paul Antona,140,Communauté de communes de la Pieve de l'Ornano et du Taravo,0,,
Castifao,François Orsini,139,Communauté de communes Pasquale Paoli,0,,
Sant'Antonino,Roxane Barthelemy,136,Communauté de communes de Calvi Balagne,0,,
Palneca,Pierre Santoni,134,Communauté de communes de la Pieve de l'Ornano et du Taravo,0,,
Ciamannacce,Charles Venturelli,133,Communauté de communes de la Pieve de l'Ornano et du Taravo,0,,
Barrettali,Dominique Baccarelli,132,Communauté de communes du Cap Corse,0,,image.png (https://v5.airtableusercontent.com/v3/u/49/49/1769990400000/eilROUHW6rXC0jc9SIBwaA/ZS0ySMg8NIZOtivk38pfyrwfO0frCfhFupQe8BW7WFXFXsA7kTheUXALn6ZTxevwrDPqei6xeeWSsmliz0Gf1Jqh7Gt-FhsE0o81JpUyfQjuhKXhuhf1msU9feljwfZFN7c1jesmKRpKrRBs-soskQ/nLDhBQBDjroYRLqfqMt5ifHlyU00Ri8_hB4xnBhVfKg)
Piedigriggio,Pierre-Ange Sency,132,Communauté de communes Pasquale Paoli,0,,
Olmeta-di-Capocorso,Jean Pierre Leccia,131,Communauté de communes du Cap Corse,0,,
Letia,Angèle Chiappini,128,Communauté de communes Spelunca-Liamone,0,,
Zigliara,Gérard Trombetta,128,Communauté de communes de la Pieve de l'Ornano et du Taravo,0,,
Corscia,Jean Félix Maestracci,127,Communauté de communes Pasquale Paoli,0,,
Sant'Andréa-d'Orcino,Dominique Rocca,125,Communauté de communes Spelunca-Liamone,0,,
Ortiporio,Antoine Defendini,123,Communauté de communes de la Castagniccia-Casinca,0,,
Tolla,Dominique Vincenti,121,Communauté de communes Celavu-Prunelli,0,,
Serriera,Barthélémy Leca,120,Communauté de communes Spelunca-Liamone,0,,
Olmiccia,Roméo Adorni,119,Communauté de communes de l'Alta Rocca,0,,
Manso,Anne-Laure Santucci,119,Communauté de communes de Calvi Balagne,0,,
Santa-Lucia-di-Mercurio,François Sorenti,118,Communauté de communes Pasquale Paoli,0,,
Velone-Orneto,Jean-Marie Pallenti,117,Communauté de communes de la Costa Verde,0,,
Campitello,Jean Mazzoni,116,Communauté de communes de Marana-Golo,0,,image.png (https://v5.airtableusercontent.com/v3/u/49/49/1769990400000/iYLFDEN2zmWTXuoUbH244g/fHJRCMn9oLcuvvQtaEG8rcJLZF3Kxxu8Z5VGuXAeQmtjVseEz1YtmDXRmIHSxuGy6RLVzIFQ1RbpwJURBCppP_BGOVdWWvLwGHN5sFLekLk0Ui5q9vcYzRtlawS5KHI0YEDmLPLI17jWITsro1mBIQ/CY9wBYDrZGqvg1_5kSsF1D_hGdKBvd2tkuAHgfbLIG4)
Casabianca,Fernand Vincentelli,116,Communauté de communes de la Castagniccia-Casinca,0,,
Soveria,Alexandre Rossi,116,Communauté de communes Pasquale Paoli,0,,
Asco,Bernard Franceschetti,115,Communauté de communes Pasquale Paoli,0,,image.png (https://v5.airtableusercontent.com/v3/u/49/49/1769990400000/o1RKxi7BI1VPer0lDgdMqg/gEzLTkEz0aQOpyEcKP0Tneg4HZuir72lY-Sj5UqsbN2611_DGFtH89VEnh7jjOm8KkJIpZqEmVuPp_vxX7-dtJXf1NH6i9eFYt9FEsuJKQ9ZVQSoG7K2JJVe-V7awDAGlc6RzSaBXZttjc12CcH4fA/eL0NG_REXieUu6726vENyAWkDBB5T06kPW6GdbqnOa4)
Carbini,Jean Nicolaï,114,Communauté de communes de l'Alta Rocca,0,,
Poggiolo,Jean-Laurent Pinelli,114,Communauté de communes Spelunca-Liamone,0,,
Nessa,Jean-Baptiste Moretti,114,Communauté de communes de l'Île-Rousse - Balagne,0,,
Pero-Casevecchie,Christiane Vinciguerra Cerami,114,Communauté de communes de la Costa Verde,0,,
Canavaggia,Jean Félix Pasqualini,112,Communauté de communes Pasquale Paoli,0,,image.png (https://v5.airtableusercontent.com/v3/u/49/49/1769990400000/xKaIdxa2Dzhisz89EMBvLQ/GWPOm1jmrCnb47JV2YVQg32rc_zxxcdaE4otAXazCOTJcItNhTLbq2DKgSfqu5VS86yeq8JXtd8KAm_4twPdnzeWq2UIZKYnKy2_A5XdBKzQextRKdC3oERgNaz1D6jqvuna_uNiURcGHsffxTacEw/MRTXXk8Bcls6KapL0PVI76bCDvjVKw8sY_NIXWkfu9w)
Lozzi,Jean-Charles Angelini,111,Communauté de communes Pasquale Paoli,0,,
Piève,François Martinetti,111,Communauté de communes Nebbiu - Conca d'Oro,0,,
Tralonca,Félicie Mazzacami,111,Communauté de communes Pasquale Paoli,0,,
Casamaccioli,Pierre-Marie Geronimi,109,Communauté de communes Pasquale Paoli,0,,
Pigna,Antoine Signanini-Pieve,109,Communauté de communes de l'Île-Rousse - Balagne,0,,
Erbajolo,Mathieu Mariani,108,Communauté de communes Pasquale Paoli,0,,
Perelli,Yannick Castelli,108,Communauté de communes de la Costa Verde,0,,
Lento,François Croce,107,Communauté de communes de Marana-Golo,0,,
Morsiglia,Vincent Cognetti,107,Communauté de communes du Cap Corse,0,,
Valle-d'Alesani,Jean-Claude Leenknegt,107,Communauté de communes de la Costa Verde,0,,
Marignana,Mathieu Ceccaldi,106,Communauté de communes Spelunca-Liamone,0,,
Silvareccio,Ange Straforelli,106,Communauté de communes de la Castagniccia-Casinca,0,,
Campo,Joseph Quilici,105,Communauté de communes de la Pieve de l'Ornano et du Taravo,0,,image.png (https://v5.airtableusercontent.com/v3/u/49/49/1769990400000/PqFQeg97JbLom34TiYuqtQ/JaWJ-Yhbsk-juprhmsgKWukrTbsJyY1xlC6jDPJeUE0qSf-X5u8IxNnLoMdu7gvoOMhvXU1r_FwTXQcP9aQeDAmk-5gIUEqZrGechRDlco42n1DHm3255Jzyix6VRjXuuuNl8VymtgVNKBO6CwIR8A/cfclnu0WgYworIKNcUiqxQTL254I9ah77DxwQqNvk2U)
San-Gavino-d'Ampugnani,Félix Tambini,105,Communauté de communes de la Castagniccia-Casinca,0,,
Chisa,Michel André Galinier,104,Communauté de communes de Fium'Orbu Castellu,0,,
Lopigna,Pierre Nebbia,102,Communauté de communes Spelunca-Liamone,0,,
Santa-Maria-Figaniella,Guillaume Guglielmi,102,Communauté de communes du Sartenais Valinco Taravo,0,,
San-Gavino-di-Fiumorbo,Philippe Vittori,102,Communauté de communes de Fium'Orbu Castellu,0,,
Murzo,François Paoli,101,Communauté de communes Spelunca-Liamone,0,,
Piedicorte-di-Gaggio,Toussaint Filippini,99,Communauté de communes de l'Oriente,0,,
Pietra-di-Verde,Nicolas Mazzoni,99,Communauté de communes de l'Oriente,0,,
Osani,Gisèle Colonna-Pan,98,Communauté de communes Spelunca-Liamone,0,,
Tox,Pascal Chessa,97,Communauté de communes de l'Oriente,0,,
Pastricciola,Stéphane Leca,96,Communauté de communes Spelunca-Liamone,0,,
Partinello,Christian Cardi,95,Communauté de communes Spelunca-Liamone,0,,
Granace,Jean-Yves Leandri,93,Communauté de communes du Sartenais Valinco Taravo,0,,
Ogliastro,Stéphane Orsoni,93,Communauté de communes du Cap Corse,0,,
Olcani,Jean Toussaint Morganti,93,Communauté de communes du Cap Corse,0,,
Giuncheto,François Paolini,91,Communauté de communes du Sartenais Valinco Taravo,0,,
Scolca,Jean-Marc Mattei,90,Communauté de communes de Marana-Golo,0,,
Salice,Jean-Pierre Giordani,89,Communauté de communes Spelunca-Liamone,0,,
San-Giovanni-di-Moriani,Carine Franchi,88,Communauté de communes de la Costa Verde,0,,
Tasso,Marthe Tomi,87,Communauté de communes de la Pieve de l'Ornano et du Taravo,0,,
Bigorno,Christophe Graziani,87,Communauté de communes de Marana-Golo,0,,image.png (https://v5.airtableusercontent.com/v3/u/49/49/1769990400000/BRgrQscMAt8SF80ixpOJJA/iziV2S3eDJg0pQ0_jCjumqgNFPbTCoK5MjhLS1kyIdxiY-_pYX8RZwCsmFtu0cXvVa0t9zSGvgS92njXa7LNmGERJTo78Ea7CcH5mCkO9IVtZ6Z13ZxJKDCTkhN3KUF2WVqFtpRe0hL9-sxhLtd-Gw/xkdW5g5lXrLTVMPfN7U0pTG1VSUlRJ46SbBQJn_QNsM)
Pioggiola,Pierre Lorenzi,85,Communauté de communes de l'Île-Rousse - Balagne,0,,
Lugo-di-Nazza,Joseph Galletti,84,Communauté de communes de Fium'Orbu Castellu,0,,
Forciolo,Rémi Casanova,83,Communauté de communes de la Pieve de l'Ornano et du Taravo,0,,
Piedicroce,Jean Marie Antonetti,83,Communauté de communes de la Castagniccia-Casinca,0,,
Avapessa,Marie-Josée Salvatori,82,Communauté de communes de Calvi Balagne,0,,image.png (https://v5.airtableusercontent.com/v3/u/49/49/1769990400000/Ioz4YTu6SJ0yK6UTe3Vh2Q/2TZzFItXBrXy09RpLrL6m3zS4NC7aw9Y9Uh2HjyLeVccgGfUlmLq1AaZEWbP00b5TDDRj3s8imetCH86OkN8PTx_T0_xC1_mJIhvEWOlmmjG8L-03M-GPB2A9Fenao3m6W_e-5LH3BBSqKrmomFpEQ/HULN7Ohr8Zb-jpd-x8cELwRFOASJKNWgWfxUM0IrZWs)
Sampolo,Marie-Jacqueline Santi,81,Communauté de communes de la Pieve de l'Ornano et du Taravo,0,,
Serra-di-Scopamène,Jean-Paul Rocca Serra,81,Communauté de communes de l'Alta Rocca,0,,
Arro,Christian Angelini,80,Communauté de communes Spelunca-Liamone,0,,image.png (https://v5.airtableusercontent.com/v3/u/49/49/1769990400000/-XydNSrqB5TPEIkkOjrofg/gENPlTCGAdv-2SL1ycxltPGelM7iIY8tOV7Lx-8vLjdH1OKX7BoS5qbO8nqPmTwTORs1WqY9BoPQU90Cm-oi_AmH6w5L4ljuw9OCYxCJykffDLIcf0OU7Xu9YFm8qrxs9Surta028ZcFGXTyajNaRw/m7wed8SgVq4XIoWgIM7BKnAZzXmTHLW8A0LE4BZpdnE)
Croce,Jean-François Mattei,80,Communauté de communes de la Castagniccia-Casinca,0,,
Crocicchia,Pierre Pascal Piacentini,80,Communauté de communes de la Castagniccia-Casinca,0,,
Meria,Michel Ciattoni,80,Communauté de communes du Cap Corse,0,,
Novella,Antoine Tramini,79,Communauté de communes de l'Île-Rousse - Balagne,0,,
Argiusta-Moriccio,Paul Caitucoli,77,Communauté de communes du Sartenais Valinco Taravo,0,,image.png (https://v5.airtableusercontent.com/v3/u/49/49/1769990400000/A9JDB_WJJ7UIpz9R5ygaIw/g_PH-7LUwg6eGiwrkhJu-HcE1-r3H3PXqjCA5NC5RQzgMM3rjCzPPW7pjmREaH0-8YHsbrLegJzelxdJBzieEgiim8ES2l8mSy3FJBm_NCmIqWziUqf-uwudMybpVdMTRXJLDkTHjuzUs9DgeCgzmg/PxpWClAPV-cNFW5KsHDG0vD8aF-blMU43xfhQizaVBk)
Cannelle,François Paravisini,76,Communauté de communes Spelunca-Liamone,0,,
Nocario,Jean-Michel Pinaud,76,Communauté de communes de la Castagniccia-Casinca,0,,
Ambiegna,Jean Poli,74,Communauté de communes Spelunca-Liamone,0,,image.png (https://v5.airtableusercontent.com/v3/u/49/49/1769990400000/glhPSaiCz9YKyk8vC9v5PQ/COGy-i2AYurW9PQXPS84v7pz1H33ZN3mRTGE0h10iQ1qT52c0xJFVjGH8Ef742HHLRSZN1YSVWohYv6IE5MfC3PTKe5hXJg89xmZFeVYFGD7sXrXZdmgERfOJQHdLibGpw-R3ZdLgBeKXw_rfhbF-A/X5c2-SDa6ASzyuz9oJeOyxU1mkfcjvqnKktZaBmTVuU)
Corrano,Antoine Peraldi,73,Communauté de communes de la Pieve de l'Ornano et du Taravo,0,,
Sermano,Jean Giudicelli,73,Communauté de communes Pasquale Paoli,0,,
Sorbollano,Alain Martinelli,72,Communauté de communes de l'Alta Rocca,0,,
Casevecchie,Jean Toussaint Paolacci,72,Communauté de communes de l'Oriente,0,,
Nonza,Fabien Arrighi,71,Communauté de communes du Cap Corse,0,,
Cambia,Nicolas Saliceti,70,Communauté de communes Pasquale Paoli,0,,image.png (https://v5.airtableusercontent.com/v3/u/49/49/1769990400000/EA40DLXGA2lWfSu1yLZHHg/zIFEaEwEY3nNElIrsjpRZMb5QSLyk_F1-n7WkDBKOykEDxvElbmXKSmwnrt4cRFMwSfBfF4i9HfUCYfOYt3AAfycvhQ5YNSS4KJe6kGxOTSEon-iOgCoCfw8qftlLa73Ym861QbXl56bXUwKMvkpmA/RLUoLKCGax1wMN4k9BQUXX5zMaJgdcoypQT_vS0Nwzk)
Giuncaggio,Patrick Laurent Marchioni,70,Communauté de communes de l'Oriente,0,,
Rospigliani,Paul Peraldi,69,Communauté de communes du Centre Corse,0,,
Cristinacce,Antoine Versini,67,Communauté de communes Spelunca-Liamone,0,,
Favalello,Lucie Albertini,67,Communauté de communes Pasquale Paoli,0,,
Zoza,Pierre Marcellesi,66,Communauté de communes de l'Alta Rocca,0,,
Bustanico,Pierre Taddei,66,Communauté de communes Pasquale Paoli,0,,image.png (https://v5.airtableusercontent.com/v3/u/49/49/1769990400000/Zqxzdgr28vEOrrNnCUQUgQ/FDBdimKFD1mmi5SunC6sj2vhXubAWx6gCHXNS-wea9R6rKuOHH2ohW-HSWeqRti6fbfK3LbkX4vDymISEc1ZEx45gsV_EmBIhk2h7xV88N2WbkpBlcTCAHS1FPeSopKlSoEq0b_70P9FSyZ60jaUTw/9JdqfZjv5keo0KTiOlp-Www3ytiUj10-MoZ_iIg_ZFc)
Sant'Andréa-di-Bozio,Jean-Pierre Brunel,66,Communauté de communes Pasquale Paoli,0,,
Rezza,Paul-François Pomponi,65,Communauté de communes Spelunca-Liamone,0,,
Moïta,Laurence Piazza,64,Communauté de communes de l'Oriente,0,,
Novale,Jean-Marie Dominici,62,Communauté de communes de la Costa Verde,0,,
Renno,Xavier Luciani,61,Communauté de communes Spelunca-Liamone,0,,
Cargiaca,Don Jacques De Rocca Serra,60,Communauté de communes de l'Alta Rocca,0,,
Urbalacone,François Casanova,59,Communauté de communes de la Pieve de l'Ornano et du Taravo,0,,
Gavignano,Gilles Pasqualini,59,Communauté de communes Pasquale Paoli,0,,
Noceta,Paul Battesti,59,Communauté de communes du Centre Corse,0,,
Pianello,Jean-Louis Giancoli,59,Communauté de communes de l'Oriente,0,,
Pietraserena,José Sauli,59,Communauté de communes de l'Oriente,0,,
Rusio,Ange Toussaint Rocchi,59,Communauté de communes Pasquale Paoli,0,,
Santa-Reparata-di-Moriani,Paul Pascal Silvagnoli,59,Communauté de communes de la Costa Verde,0,,
San-Gavino-di-Tenda,Christian Tomi,57,Communauté de communes Nebbiu - Conca d'Oro,0,,
Ficaja,Alexandre Gambotti,56,Communauté de communes de la Castagniccia-Casinca,0,,
Casalta,Paul Jean Innocenzi,55,Communauté de communes de la Castagniccia-Casinca,0,,
San-Damiano,Etienne Giudicelli,55,Communauté de communes de la Castagniccia-Casinca,0,,
Altagène,Toussaint Simonpietri,54,Communauté de communes de l'Alta Rocca,0,,image.png (https://v5.airtableusercontent.com/v3/u/49/49/1769990400000/Te_yFscI0_QKBfSB9FZuJQ/Ny2gVivvn4A5zi6AAgT2d2LehKnw98tQOGWb7TaM3DS20Bls3zPbwzBMJwMTHoCfmQkFpJbXonHHP9CwBxR7YRHMWQsQ1x4SsHjGv_k0dikCCbxY-sqwgCH2b9TE1ILrg89tyQkQT61rA0bhMDA30Q/VMABL9YXEF7f9b-Zyg39u6dcmyVQmwUkNDk1EqJvFRI)
Arbori,Paul Chiappella,54,Communauté de communes Spelunca-Liamone,0,,image.png (https://v5.airtableusercontent.com/v3/u/49/49/1769990400000/20AVsMCEIO8YEK6ENbqtAw/nxD7oyjLNSyHnNnZvXdTTgi3424YQQdx4TssGq6XoqBmXSHUcL6y0HKYXcu0aZDDgpOlFi7FY3O4bCNr5iMXuVV_uuJ522ewQH32xh5ywmYCpqZ2PFqSQzN-Ou0uzNt_YxhhPs4BG9S_1eQFXJd7PQ/PN_kUN1tXFi5TFZEaMMMjZbvt4E7YctTdJIwpU3Z4-s)
Azzana,Thierry Leca,53,Communauté de communes Spelunca-Liamone,0,,image.png (https://v5.airtableusercontent.com/v3/u/49/49/1769990400000/I68XzQ_LbZGMsCCCzN5F1w/Rs6iVnvRmwksHYeNnQJybgbORInnov98iYWyoHzFOTzSazybwgfxZyIpMGAPSB7GuZjKbEBMt7C3M23Mwz_ovn5QMK1VTBLZ8PjPuEfU0O3zWmJX3_HitISIMXwNTQ1iXaYzE59rKk6fK1dUPiV1XA/H32bDMlUYbma8TQzxOeuIjbOnw-FbhIm3LlGPLxJ_L0)
Grossa,Mathias Costanzo,53,Communauté de communes du Sartenais Valinco Taravo,0,,
Giocatojo,Grégory Biaggi,53,Communauté de communes de la Castagniccia-Casinca,0,,
Bilia,Michel Tramoni,52,Communauté de communes du Sartenais Valinco Taravo,0,,image.png (https://v5.airtableusercontent.com/v3/u/49/49/1769990400000/vhlJD13yHQOipC969iXQ-w/uZtRVqGoYcqDhSlsaaGaFXG0Vy8AfJkwL60ZL6EOF_jV21QKUeWeJkDfM5JarmhkPMnUNOGLspQ6oSJaYvOAxvCdVEUIS3-fxxFUT67XMekZIFTFergptLYvWOQpfmET0H5ebLUAbUmre5yjydUXwQ/e6m61DeL-kXfNLhq7R7tsfPKpUucewzWZnq_mEZVKNo)
Loreto-di-Tallano,Jean Arrii,52,Communauté de communes de l'Alta Rocca,0,,
Zévaco,Jean Poggi,52,Communauté de communes de la Pieve de l'Ornano et du Taravo,0,,
Altiani,Jean-Yves Bussetta,52,Communauté de communes de l'Oriente,0,,image.png (https://v5.airtableusercontent.com/v3/u/49/49/1769990400000/VsM835HOh_QjQjoK8esg_w/S1ZozhuoMKioD4Vyms3UbdD4AEXwImMRSZs_-wjXYLauCwgnPlvr2oA2DAbGa34yr6V-KhIuj9L6YbgsPkPwWwp7IO0ooj5RCIbCF8ejgviXUiVH6ZgEI03bQY9PEf7LzijplkwjCfsTY7LQ5PD8mg/6fim_ZvxpcG-ZdiMZOv4ZiXb_q8lE-Gpbb1ykF6YSXc)
Quasquara,Paul Antoine Bertolozzi,51,Communauté de communes de la Pieve de l'Ornano et du Taravo,0,,
Costa,Barthelemy Colombani,51,Communauté de communes de l'Île-Rousse - Balagne,0,,
Felce,Lucien Panier,51,Communauté de communes de la Costa Verde,0,,
Orto,Nicolas Rutily,50,Communauté de communes Spelunca-Liamone,0,,
Rosazia,Xavier Poli,50,Communauté de communes Spelunca-Liamone,0,,
Matra,Pasquale Simeoni,49,Communauté de communes de l'Oriente,0,,
Zérubia,Ribello Lucchini,48,Communauté de communes de l'Alta Rocca,0,,
Prato-di-Giovellina,Pierre Nasica,45,Communauté de communes Pasquale Paoli,0,,
Saliceto,Antoine Simonpietri,45,Communauté de communes Pasquale Paoli,0,,
Piazzole,Marc Tartuffo,44,Communauté de communes de la Castagniccia-Casinca,0,,
Porri,Lucien Costa,43,Communauté de communes de la Castagniccia-Casinca,0,,
Scata,Joseph Pastini,43,Communauté de communes de la Castagniccia-Casinca,0,,
Castiglione,Jean Marcel Bertini,42,Communauté de communes Pasquale Paoli,0,,
Polveroso,Maurice Chiaramonti,42,Communauté de communes de la Castagniccia-Casinca,0,,
Popolasca,Jean Etienne Frisoni,42,Communauté de communes Pasquale Paoli,0,,
Verdèse,Joseph Antoine Mattei,42,Communauté de communes de la Castagniccia-Casinca,0,,
Quercitello,Paul Louis Giannecchini,40,Communauté de communes de la Castagniccia-Casinca,0,,
Carcheto-Brustico,Emilie Albertini,39,Communauté de communes de la Castagniccia-Casinca,0,,
Castineta,Jean Marc Giamarchi,38,Communauté de communes Pasquale Paoli,0,,
Penta-Acquatella,Jean-Baptiste Arena,38,Communauté de communes de la Castagniccia-Casinca,0,,
Pie-d'Orezza,Paul Jean Emanuelli,38,Communauté de communes de la Castagniccia-Casinca,0,,
Zuani,Paul Giuganti,36,Communauté de communes de l'Oriente,0,,
Carpineto,Marcel Ferrari,35,Communauté de communes de la Castagniccia-Casinca,0,,
Muracciole,Marie-Josée Pieralli,34,Communauté de communes du Centre Corse,0,,
Stazzona,Etienne Raffalli,34,Communauté de communes de la Castagniccia-Casinca,0,,
Pietricaggio,Bernard Vannucci,33,Communauté de communes de la Costa Verde,0,,
Poggio-Marinaccio,Jean-Marc Rodriguez,32,Communauté de communes de la Castagniccia-Casinca,0,,
Cardo-Torgia,Nora Ettori,31,Communauté de communes de la Pieve de l'Ornano et du Taravo,0,,
Mazzola,Jean Toussaint Antonelli,30,Communauté de communes Pasquale Paoli,0,,
Focicchia,Jacques Leca,29,Communauté de communes Pasquale Paoli,0,,
Mela,Albert Mondoloni,28,Communauté de communes de l'Alta Rocca,0,,
Castellare-di-Mercurio,Mathieu Giudicelli,28,Communauté de communes Pasquale Paoli,0,,
Rapaggio,Stella Pieri,28,Communauté de communes de la Castagniccia-Casinca,0,,
Valle-d'Orezza,Valérie Ferrandi,28,Communauté de communes de la Castagniccia-Casinca,0,,
Vallica,Jean-René Castellani,28,Communauté de communes de l'Île-Rousse - Balagne,0,,
Alando,Guy Mamelli,27,Communauté de communes Pasquale Paoli,0,,image.png (https://v5.airtableusercontent.com/v3/u/49/49/1769990400000/MIUOATEm5NTkuD5kh7WVWw/VJD3y8TQXzfso_D68l4QipmIWEWdahHKeB3kysNxX_05_QGrKSP4EB6WYbjXJl19vE6oNrmdBfXxeqVU6NRaHTXUzLlLWzxQf-jA3MamKuIqdwfhAXiBk_xolL9PLM_Qm-pom3V18kPZHzmI6AdrVw/15SmHTMpyIwMRDcdFWcTzB4_hPwhjsY3ZpboKHUkEnQ)
Aiti,Pierre Orsoni,26,Communauté de communes Pasquale Paoli,0,,image.png (https://v5.airtableusercontent.com/v3/u/49/49/1769990400000/_y1vyywxPlqRB4zilm-ktA/oKxD99oAbtf6aKuqMpe-AQSUOohQXNqZlfbOhY5PiYLcyiQ7Wm50dsdI_YfLgG0NGiVSc6vOAAi5SuOZR_4-A-E7yVldDWnq9vEmxEnUB4sU-Ii9RpIT9RVL16v_NPGf6QE8m6Rnp6oLrJzmb4ddFg/W0NygDGUolF0s7PpXVjsA2X3wWAZoIXjSql2mfdGCS8)
Mausoléo,Michel Palmieri,26,Communauté de communes de l'Île-Rousse - Balagne,0,,
Ortale,Jean-François Filippi,26,Communauté de communes de la Costa Verde,0,,
Alzi,Simon Venturini,25,Communauté de communes Pasquale Paoli,0,,image.png (https://v5.airtableusercontent.com/v3/u/49/49/1769990400000/y2nY2wQJ9nwcR9sP6iSagQ/w_za-8aC9ysKySvt4vSLdMMLNYApLafc-5W6_fbaNoJ_J-REjDcIq7joX1BLE7Ya3O7f5IsySwTskfukCBtRqi-WUZ3mnq7JzeOdtXVL2NgtgvhQE-fjXpv-JwwN4ZVkCMlZeD51HYCOOHOdWbVKfA/tHqLqkfLz9rciEaSLYU4pw95tRVytwh4T6QJ6iP_M18)
Ampriani,Pierre François Dompietrini,25,Communauté de communes de l'Oriente,0,,image.png (https://v5.airtableusercontent.com/v3/u/49/49/1769990400000/TYLsjgt89mXlbFYJK-a8qA/npCQZWNGqSkHHSpDZqdM6u1jWsuBrNq5i2TBWGkaziY8qH_2NAshFOO_v_rdX9HuozSmZSZb5sKSjEPavNLjAsD40Gm7pXlZyeBc-fgoP3f3fx0pND_ZGI607iPzrQM82KxR7owtgfaAuz9YcsGDTQ/fhA0-3g2F_XWmqGBpiipeeWHRQWB8YOueyC3OcQ5Avw)
Carticasi,Jean Renucci,25,Communauté de communes Pasquale Paoli,0,,
Parata,Paul Angeli,24,Communauté de communes de la Castagniccia-Casinca,0,,
Lano,Attilius Ceccaldi,22,Communauté de communes Pasquale Paoli,0,,
Monacia-d'Orezza,Jacques Costa,22,Communauté de communes de la Castagniccia-Casinca,0,,
Campana,Françoise Campana,20,Communauté de communes de la Castagniccia-Casinca,0,,image.png (https://v5.airtableusercontent.com/v3/u/49/49/1769990400000/zki-Oy6oL9iF73zKMEOpuA/s5DVnY1Yic4UJHSmoVEpBp4NKLRv6vjUmrSHR1_MSTdH8OjsM_FJoaOJTVe5zMZ7ulEYPXi5uD6Aeb_59QMoGa1eSgStk6jOdZCPvevQh10oh3aV4RNQ4vuwBmuNMWYfcn6gnknhtqT2S9KBPWB0XQ/3YR74ePYVxRAxw4Obu1RwjTH2AokBqvCEhKK6zs2YqQ)
Campi,Ghislaine Pietri Filippi,19,Communauté de communes de l'Oriente,0,,image.png (https://v5.airtableusercontent.com/v3/u/49/49/1769990400000/2iBVgCmYifDmeHqLNoHi1g/Q17UOx3VkAgIj7FW757KHLHq87g_pqzHCvd7IsC2o0fFpn2-0tRl-8Hb9y_duc9eXzIj-0iH4KsYaVGYnjQqElxi72HctAfXSVKv3gnsa0TxXMYTO2MVaz3ypEieIXOeLHSUNhbECp2U3kJKR4Y1YA/xmzb7CcMU-tLiA47BbLI39Pqg7rEs76Y8wWm-PAgyqY)
Piano,Jean-François Paoli,19,Communauté de communes de la Castagniccia-Casinca,0,,
Piazzali,Jean Sauveur Vallesi,19,Communauté de communes de la Costa Verde,0,,
Piobetta,Francis Mazotti,17,Communauté de communes de la Costa Verde,0,,
Piedipartino,Nicolette Albertini-Colonna,16,Communauté de communes de la Castagniccia-Casinca,0,,
Tarrano,Charles-Jean Catani,15,Communauté de communes de la Costa Verde,0,,
Érone,Stéphane Gillet-Vittori,12,Communauté de communes Pasquale Paoli,0,,